CALIB_AIRSPEED,TRUE_AIRSPEED,VERTICAL_SPEED,ALTITUDE,AOA_LEFT,AOA_RIGHT,MAGNETIC_HEADING,AUTOPILOT_ENGAGED,AUTOTHROTTLE_ENGAGED,IN_AIR
30.0,50.0,-8.0,195.0,-22.68,-0.66,32.17,0.0,0.0,0.0
30.0,50.0,-8.0,195.0,-22.68,-0.66,32.17,0.0,0.0,0.0
30.0,50.0,0.0,195.0,-22.68,-0.66,32.17,0.0,0.0,0.0
30.0,50.0,0.0,195.0,-22.68,-0.66,32.17,0.0,0.0,0.0
30.0,50.0,-8.0,195.0,-22.63,-0.66,32.17,0.0,0.0,0.0
30.0,50.0,0.0,195.0,-22.68,-0.66,32.17,0.0,0.0,0.0
30.0,50.0,0.0,195.0,-22.68,-0.66,32.17,0.0,0.0,0.0
30.0,50.0,0.0,195.0,-22.63,-0.66,32.17,0.0,0.0,0.0
30.0,50.0,0.0,195.0,-22.68,-0.66,32.17,0.0,0.0,0.0
30.0,50.0,0.0,195.0,-22.68,-0.66,32.17,0.0,0.0,0.0
30.0,50.0,0.0,195.0,-22.68,-0.62,32.17,0.0,0.0,0.0
30.0,50.0,0.0,195.0,-22.68,-0.66,32.17,0.0,0.0,0.0
30.0,50.0,0.0,195.0,-22.68,-0.66,32.17,0.0,0.0,0.0
30.0,50.0,0.0,195.0,-22.68,-0.66,32.17,0.0,0.0,0.0
30.0,50.0,0.0,195.0,-22.68,-0.66,32.17,0.0,0.0,0.0
30.0,50.0,0.0,195.0,-22.68,-0.66,32.17,0.0,0.0,0.0
30.0,50.0,0.0,195.0,-22.68,-0.66,32.17,0.0,0.0,0.0
30.0,50.0,0.0,195.0,-22.68,-0.66,32.17,0.0,0.0,0.0
30.0,50.0,0.0,195.0,-22.68,-0.66,32.17,0.0,0.0,0.0
30.0,50.0,0.0,195.0,-22.68,-0.66,32.17,0.0,0.0,0.0
30.0,50.0,0.0,195.0,-22.68,-0.66,32.17,0.0,0.0,0.0
30.0,50.0,0.0,195.0,-22.72,-0.66,32.17,0.0,0.0,0.0
30.0,50.0,0.0,195.0,-22.68,-0.66,32.17,0.0,0.0,0.0
30.0,50.0,0.0,195.0,-22.68,-0.66,32.17,0.0,0.0,0.0
30.0,50.0,0.0,195.0,-22.72,-0.66,32.17,0.0,0.0,0.0
30.0,50.0,0.0,195.0,-22.72,-0.66,32.17,0.0,0.0,0.0
30.0,50.0,0.0,195.0,-22.72,-0.66,32.17,0.0,0.0,0.0
30.0,50.0,0.0,195.0,-22.72,-0.7,32.17,0.0,0.0,0.0
30.0,50.0,0.0,195.0,-22.72,-0.66,32.17,0.0,0.0,0.0
30.0,50.0,0.0,195.0,-22.76,-0.66,32.17,0.0,0.0,0.0
30.0,50.0,0.0,195.0,-22.76,-0.66,32.17,0.0,0.0,0.0
30.0,50.0,0.0,195.0,-22.81,-0.66,32.17,0.0,0.0,0.0
30.0,50.0,0.0,195.0,-22.81,-0.66,32.17,0.0,0.0,0.0
30.0,50.0,0.0,195.0,-22.85,-0.66,32.17,0.0,0.0,0.0
30.0,50.0,0.0,195.0,-22.85,-0.66,32.17,0.0,0.0,0.0
30.0,50.0,0.0,195.0,-22.9,-0.66,32.17,0.0,0.0,0.0
30.0,50.0,0.0,195.0,-22.9,-0.66,32.17,0.0,0.0,0.0
30.0,50.0,0.0,195.0,-22.94,-0.66,32.17,0.0,0.0,0.0
30.0,50.0,0.0,195.0,-22.98,-0.66,32.17,0.0,0.0,0.0
30.0,50.0,0.0,195.0,-22.98,-0.66,32.17,0.0,0.0,0.0
30.0,50.0,0.0,195.0,-22.98,-0.66,32.17,0.0,0.0,0.0
30.0,50.0,0.0,195.0,-23.03,-0.66,32.17,0.0,0.0,0.0
30.0,50.0,0.0,195.0,-23.03,-0.66,32.17,0.0,0.0,0.0
30.0,50.0,0.0,195.0,-23.03,-0.7,32.17,0.0,0.0,0.0
30.0,50.0,0.0,195.0,-23.07,-0.66,32.17,0.0,0.0,0.0
30.0,50.0,0.0,195.0,-23.12,-0.66,32.17,0.0,0.0,0.0
30.0,50.0,0.0,195.0,-23.16,-0.66,32.17,0.0,0.0,0.0
30.0,50.0,0.0,195.0,-23.25,-0.66,32.17,0.0,0.0,0.0
30.0,50.0,0.0,195.0,-23.42,-0.66,32.17,0.0,0.0,0.0
30.0,50.0,0.0,195.0,-23.6,-0.66,32.17,0.0,0.0,0.0
30.0,50.0,0.0,195.0,-23.86,-0.66,32.17,0.0,0.0,0.0
30.0,50.0,0.0,195.0,-24.21,-0.66,32.17,0.0,0.0,0.0
30.0,50.0,0.0,196.0,-24.65,-0.66,32.08,0.0,0.0,0.0
30.0,50.0,0.0,197.0,-24.96,-0.66,31.99,0.0,0.0,0.0
30.0,50.0,0.0,197.0,-25.18,-0.66,31.64,0.0,0.0,0.0
30.0,50.0,0.0,196.0,-25.31,-0.66,31.11,0.0,0.0,0.0
30.0,50.0,-8.0,196.0,-25.44,-0.66,30.23,0.0,0.0,0.0
30.0,50.0,-8.0,196.0,-25.75,-0.66,29.18,0.0,0.0,0.0
30.0,50.0,0.0,195.0,-26.59,-0.66,27.69,0.0,0.0,0.0
30.0,50.0,-8.0,196.0,-27.25,-0.66,25.75,0.0,0.0,0.0
30.0,50.0,0.0,195.0,-27.29,-0.66,23.82,0.0,0.0,0.0
30.0,50.0,0.0,195.0,-27.29,-0.66,21.62,0.0,0.0,0.0
30.0,50.0,0.0,195.0,-27.33,-0.66,19.34,0.0,0.0,0.0
30.0,50.0,-8.0,195.0,-27.29,-0.66,16.96,0.0,0.0,0.0
30.0,50.0,-8.0,195.0,-27.29,-0.66,14.41,0.0,0.0,0.0
30.0,50.0,-8.0,195.0,-27.29,-0.66,11.69,0.0,0.0,0.0
30.0,50.0,0.0,195.0,-27.25,-0.66,8.79,0.0,0.0,0.0
30.0,50.0,-8.0,195.0,-27.25,-0.66,5.71,0.0,0.0,0.0
30.0,50.0,-8.0,195.0,-27.25,-0.66,2.55,0.0,0.0,0.0
30.0,50.0,-8.0,195.0,-27.25,-0.66,-0.62,0.0,0.0,0.0
30.0,50.0,0.0,195.0,-26.98,-0.62,-3.87,0.0,0.0,0.0
30.0,50.0,0.0,195.0,-26.98,-0.62,-7.21,0.0,0.0,0.0
30.0,50.0,-8.0,195.0,-26.94,-0.62,-10.55,0.0,0.0,0.0
30.0,50.0,-8.0,195.0,-26.89,-0.62,-14.06,0.0,0.0,0.0
30.0,50.0,-16.0,195.0,-26.02,-0.53,-17.58,0.0,0.0,0.0
30.0,50.0,0.0,195.0,-25.93,-0.53,-21.18,0.0,0.0,0.0
30.0,50.0,0.0,195.0,-25.88,-0.7,-25.05,0.0,0.0,0.0
30.0,50.0,-8.0,195.0,-25.49,-1.32,-29.0,0.0,0.0,0.0
30.0,50.0,-8.0,195.0,-21.49,-1.32,-33.05,0.0,0.0,0.0
30.0,50.0,0.0,195.0,-15.69,-0.97,-37.27,0.0,0.0,0.0
30.0,50.0,0.0,195.0,-12.08,-1.41,-41.4,0.0,0.0,0.0
30.0,50.0,0.0,195.0,-10.9,-1.27,-45.53,0.0,0.0,0.0
30.0,50.0,0.0,195.0,-5.8,-0.4,-49.75,0.0,0.0,0.0
30.0,50.0,8.0,196.0,-7.21,-0.18,-53.88,0.0,0.0,0.0
30.0,50.0,0.0,195.0,-7.95,-0.53,-57.92,0.0,0.0,0.0
30.0,50.0,0.0,195.0,-6.9,-0.57,-61.88,0.0,0.0,0.0
30.0,50.0,8.0,195.0,-7.12,-0.62,-65.57,0.0,0.0,0.0
30.0,50.0,8.0,196.0,-7.16,-0.66,-68.55,0.0,0.0,0.0
30.0,50.0,8.0,195.0,-7.03,-0.88,-70.66,0.0,0.0,0.0
30.0,50.0,16.0,196.0,-7.51,-0.92,-71.89,0.0,0.0,0.0
30.0,50.0,0.0,196.0,-6.59,-0.92,-72.51,0.0,0.0,0.0
30.0,50.0,8.0,196.0,-7.43,-0.92,-73.04,0.0,0.0,0.0
30.0,50.0,8.0,196.0,-7.51,-0.88,-73.39,0.0,0.0,0.0
30.0,50.0,8.0,196.0,-6.55,-0.92,-73.74,0.0,0.0,0.0
30.0,50.0,8.0,196.0,-7.08,-0.92,-74.09,0.0,0.0,0.0
30.0,50.0,8.0,196.0,-7.12,-0.92,-74.44,0.0,0.0,0.0
30.0,50.0,0.0,196.0,-7.25,-0.92,-74.79,0.0,0.0,0.0
30.0,50.0,8.0,196.0,-7.47,-1.36,-75.06,0.0,0.0,0.0
30.0,50.0,8.0,196.0,-7.73,-1.67,-75.5,0.0,0.0,0.0
30.0,50.0,8.0,196.0,-8.09,-1.71,-75.76,0.0,0.0,0.0
30.0,50.0,8.0,196.0,-9.54,-1.93,-76.29,0.0,0.0,0.0
30.0,50.0,-8.0,196.0,-10.77,-1.93,-77.52,0.0,0.0,0.0
30.0,50.0,-8.0,196.0,-11.38,-1.89,-79.63,0.0,0.0,0.0
30.0,50.0,-16.0,197.0,-13.01,-2.11,-82.35,0.0,0.0,0.0
30.0,50.0,0.0,196.0,-13.54,-2.15,-85.52,0.0,0.0,0.0
30.0,50.0,-8.0,197.0,-13.97,-2.11,-89.3,0.0,0.0,0.0
30.0,50.0,-8.0,196.0,-14.24,-2.37,-93.16,0.0,0.0,0.0
30.0,50.0,-8.0,196.0,-14.28,-2.37,-97.03,0.0,0.0,0.0
30.0,50.0,0.0,197.0,-14.72,-2.37,-100.81,0.0,0.0,0.0
30.0,50.0,0.0,197.0,-14.94,-2.33,-104.24,0.0,0.0,0.0
30.0,50.0,-8.0,196.0,-14.99,-2.37,-106.52,0.0,0.0,0.0
30.0,50.0,-8.0,196.0,-14.99,-2.37,-107.4,0.0,0.0,0.0
30.0,50.0,0.0,197.0,-14.99,-2.37,-107.93,0.0,0.0,0.0
30.0,50.0,0.0,197.0,-14.99,-2.37,-108.28,0.0,0.0,0.0
30.0,50.0,0.0,198.0,-15.12,-2.37,-108.98,0.0,0.0,0.0
30.0,50.0,0.0,199.0,-15.91,-2.37,-109.69,0.0,0.0,0.0
30.0,50.0,0.0,201.0,-15.91,-2.55,-110.3,0.0,0.0,0.0
30.0,50.0,0.0,201.0,-19.42,-22.41,-110.83,0.0,0.0,0.0
30.0,50.0,0.0,201.0,-15.25,-26.06,-111.27,0.0,1.0,0.0
30.0,50.0,8.0,202.0,-12.22,-15.82,-111.53,0.0,1.0,0.0
30.0,50.0,8.0,205.0,-10.55,-9.98,-111.8,0.0,1.0,0.0
30.0,50.0,0.0,207.0,1.54,-11.51,-112.06,0.0,1.0,0.0
30.0,50.0,0.0,208.0,0.48,-3.08,-112.32,0.0,1.0,0.0
36.88,50.0,16.0,210.0,-2.81,-1.63,-112.41,0.0,1.0,0.0
41.75,50.0,32.0,211.0,-2.99,-2.02,-112.5,0.0,1.0,0.0
46.75,50.0,8.0,210.0,-0.09,-0.92,-112.5,0.0,1.0,0.0
51.0,52.25,24.0,214.0,-3.91,-4.39,-112.68,0.0,1.0,0.0
53.88,55.25,16.0,214.0,-2.81,-3.69,-112.76,0.0,1.0,0.0
57.0,58.5,32.0,214.0,-3.21,-3.43,-112.68,0.0,1.0,0.0
60.12,61.75,48.0,216.0,-3.34,-3.47,-112.59,0.0,1.0,0.0
64.0,65.5,8.0,217.0,-3.08,-3.25,-112.41,0.0,1.0,0.0
68.25,70.0,32.0,221.0,-2.94,-2.9,-112.5,0.0,1.0,0.0
72.88,74.75,40.0,222.0,-1.8,-0.66,-112.59,0.0,1.0,0.0
77.0,79.0,64.0,220.0,-1.8,-0.92,-112.5,0.0,1.0,0.0
81.38,83.5,32.0,221.0,-1.89,-1.58,-112.41,0.0,1.0,0.0
85.5,87.75,64.0,219.0,-1.71,-1.76,-112.41,0.0,1.0,0.0
89.25,91.5,32.0,224.0,-3.21,-1.67,-112.5,0.0,1.0,0.0
94.25,96.75,72.0,224.0,-1.89,-2.42,-112.68,0.0,1.0,0.0
95.88,98.25,32.0,222.0,-1.49,-1.01,-112.59,0.0,1.0,0.0
100.62,103.25,40.0,220.0,-1.32,-1.54,-112.5,0.0,1.0,0.0
103.88,106.5,48.0,220.0,-1.01,-1.85,-112.41,0.0,1.0,0.0
107.12,110.0,40.0,220.0,-0.7,-1.23,-112.15,0.0,1.0,0.0
110.62,113.5,48.0,223.0,-1.1,-0.92,-112.15,0.0,1.0,0.0
115.0,118.0,64.0,222.0,-1.23,-1.23,-112.41,0.0,1.0,0.0
117.88,121.0,32.0,222.0,-0.79,-0.92,-112.5,0.0,1.0,0.0
122.25,125.5,56.0,219.0,-1.19,-1.36,-112.41,0.0,1.0,0.0
124.88,128.25,32.0,213.0,-1.32,-1.1,-112.15,0.0,1.0,0.0
130.38,133.75,72.0,220.0,-0.83,-0.92,-112.06,0.0,1.0,0.0
132.62,136.0,40.0,224.0,-1.45,-1.23,-112.15,0.0,1.0,0.0
136.5,140.0,56.0,222.0,-1.49,-1.41,-112.24,0.0,1.0,0.0
140.5,144.0,80.0,225.0,-1.19,-0.79,-112.41,0.0,1.0,0.0
143.12,146.75,64.0,225.0,-1.1,-1.14,-112.32,0.0,1.0,0.0
145.88,149.75,40.0,223.0,-1.27,-0.44,-112.15,0.0,1.0,0.0
151.88,155.75,32.0,223.0,-1.67,-1.27,-112.15,0.0,1.0,0.0
152.75,156.75,40.0,218.0,-1.58,-1.58,-112.32,0.0,1.0,0.0
156.25,160.25,48.0,222.0,-1.01,-0.66,-112.59,0.0,1.0,0.0
160.38,164.5,16.0,222.0,-0.97,-1.05,-112.5,0.0,1.0,0.0
164.5,168.75,56.0,225.0,-1.36,-1.32,-112.24,0.0,1.0,0.0
169.5,174.0,24.0,226.0,-1.71,-1.05,-112.24,0.0,1.0,0.0
170.75,175.25,48.0,226.0,-1.71,-1.41,-112.32,0.0,1.0,0.0
174.12,178.5,352.0,219.0,-1.32,-1.67,-112.5,0.0,1.0,0.0
178.0,182.5,232.0,229.0,2.11,2.2,-112.5,0.0,1.0,0.0
183.0,187.75,392.0,245.0,4.97,4.35,-112.32,0.0,1.0,0.0
187.5,192.25,536.0,270.0,7.56,7.34,-112.15,0.0,1.0,1.0
187.25,192.0,784.0,255.0,9.89,10.15,-111.97,0.0,1.0,1.0
188.0,192.75,1176.0,259.0,11.43,11.43,-111.8,0.0,1.0,1.0
190.25,195.0,1640.0,279.0,11.69,11.73,-111.71,0.0,1.0,1.0
191.0,196.0,2024.0,302.0,11.43,12.08,-111.53,0.0,1.0,1.0
190.88,196.0,2352.0,323.0,11.38,11.43,-111.53,0.0,1.0,1.0
189.25,194.25,2512.0,343.0,10.24,10.5,-111.44,0.0,1.0,1.0
189.75,195.0,2648.0,389.0,8.44,8.79,-111.44,0.0,1.0,1.0
186.38,191.5,2680.0,424.0,9.36,9.58,-111.44,0.0,1.0,1.0
187.75,193.25,2600.0,473.0,7.95,8.61,-111.44,0.0,1.0,1.0
189.0,194.5,2480.0,516.0,7.03,7.03,-111.36,0.0,1.0,1.0
188.75,194.5,2312.0,554.0,6.94,6.64,-111.44,0.0,1.0,1.0
189.5,195.25,2152.0,591.0,6.64,6.68,-111.44,0.0,1.0,1.0
189.88,195.75,2056.0,625.0,7.29,7.47,-111.44,0.0,1.0,1.0
189.25,195.25,2016.0,660.0,7.82,8.22,-111.44,0.0,1.0,1.0
191.5,197.5,2040.0,697.0,7.6,7.73,-111.44,0.0,1.0,1.0
189.88,196.0,2112.0,733.0,7.08,7.16,-111.36,0.0,1.0,1.0
190.12,196.25,2200.0,764.0,8.26,8.26,-111.36,0.0,1.0,1.0
189.75,196.0,2312.0,803.0,9.05,9.32,-111.36,0.0,1.0,1.0
190.25,196.75,2424.0,848.0,8.53,8.57,-111.44,0.0,1.0,1.0
190.62,197.25,2464.0,889.0,8.39,8.7,-111.27,0.0,1.0,1.0
190.88,197.5,2392.0,935.0,7.56,7.95,-110.83,0.0,1.0,1.0
190.25,197.0,2336.0,975.0,7.69,7.73,-110.04,0.0,1.0,1.0
188.0,195.0,2272.0,1012.0,7.25,7.03,-108.54,0.0,1.0,1.0
189.62,196.5,2224.0,1046.0,7.78,7.78,-106.61,0.0,1.0,1.0
190.38,197.5,2232.0,1085.0,8.57,8.57,-104.68,0.0,1.0,1.0
190.25,197.5,2248.0,1123.0,8.83,8.79,-102.66,0.0,1.0,1.0
189.12,196.75,2264.0,1161.0,8.57,8.88,-100.55,0.0,1.0,1.0
188.75,196.25,2240.0,1199.0,8.66,8.75,-98.35,0.0,1.0,1.0
188.62,196.25,2168.0,1238.0,8.66,8.61,-96.24,0.0,1.0,1.0
187.62,195.5,2104.0,1277.0,8.13,8.13,-94.22,0.0,1.0,1.0
187.5,195.5,1968.0,1312.0,8.13,8.26,-92.29,0.0,1.0,1.0
187.5,195.5,1800.0,1346.0,7.87,8.04,-90.35,0.0,1.0,1.0
187.5,195.5,1624.0,1377.0,7.43,7.47,-88.24,0.0,1.0,1.0
188.0,196.25,1480.0,1404.0,7.47,7.47,-86.04,0.0,1.0,1.0
188.0,196.25,1352.0,1428.0,8.31,8.31,-83.67,0.0,1.0,1.0
188.88,197.25,1232.0,1454.0,8.22,8.39,-81.47,0.0,1.0,1.0
189.62,198.0,1096.0,1476.0,8.09,8.17,-79.28,0.0,1.0,1.0
190.12,198.75,936.0,1498.0,7.65,7.65,-77.08,0.0,1.0,1.0
190.75,199.5,792.0,1514.0,7.38,7.38,-74.88,0.0,1.0,1.0
191.75,200.5,696.0,1527.0,7.56,7.69,-72.42,0.0,1.0,1.0
192.5,201.25,640.0,1539.0,8.0,8.09,-69.7,0.0,1.0,1.0
193.62,202.5,608.0,1551.0,8.48,8.48,-67.06,0.0,1.0,1.0
194.62,203.5,608.0,1566.0,8.57,8.75,-64.6,0.0,1.0,1.0
195.5,204.5,616.0,1577.0,7.95,8.09,-62.05,0.0,1.0,1.0
196.5,205.75,632.0,1587.0,8.09,8.26,-59.5,0.0,1.0,1.0
197.88,207.0,624.0,1602.0,8.13,8.22,-56.95,0.0,1.0,1.0
198.88,208.0,608.0,1614.0,7.73,7.78,-54.58,0.0,1.0,1.0
199.75,209.25,568.0,1626.0,7.47,7.51,-52.29,0.0,1.0,1.0
201.38,211.0,552.0,1639.0,7.25,7.29,-50.27,0.0,1.0,1.0
202.88,212.5,576.0,1650.0,6.77,6.9,-48.6,0.0,1.0,1.0
204.0,213.75,640.0,1660.0,6.55,6.64,-47.29,0.0,1.0,1.0
205.25,215.0,744.0,1672.0,6.9,6.94,-46.14,0.0,1.0,1.0
206.25,216.0,840.0,1684.0,7.6,7.69,-45.26,0.0,1.0,1.0
207.38,217.25,984.0,1702.0,7.73,7.91,-44.74,0.0,1.0,1.0
208.25,218.25,1080.0,1718.0,8.0,8.17,-44.21,0.0,1.0,1.0
209.25,219.5,1136.0,1738.0,7.69,7.87,-43.68,0.0,1.0,1.0
210.0,220.25,1160.0,1757.0,7.69,7.82,-43.15,0.0,1.0,1.0
210.62,221.0,1176.0,1777.0,7.82,8.0,-42.54,0.0,1.0,1.0
211.38,222.0,1176.0,1797.0,8.09,8.22,-41.92,0.0,1.0,1.0
212.0,222.5,1200.0,1817.0,8.17,8.31,-41.48,0.0,1.0,1.0
213.0,223.75,1192.0,1839.0,8.17,8.39,-41.13,0.0,1.0,1.0
214.0,224.75,1184.0,1858.0,8.04,8.22,-40.87,0.0,1.0,1.0
214.25,225.25,1184.0,1877.0,8.17,8.31,-40.69,0.0,1.0,1.0
214.75,225.75,1216.0,1896.0,8.53,8.66,-40.52,0.0,1.0,1.0
215.62,226.75,1200.0,1919.0,8.53,8.7,-40.43,0.0,1.0,1.0
216.25,227.5,1152.0,1940.0,7.91,8.17,-40.43,0.0,1.0,1.0
216.88,228.25,1104.0,1959.0,7.51,7.78,-40.43,0.0,1.0,1.0
217.88,229.25,1064.0,1976.0,7.78,8.0,-40.43,0.0,1.0,1.0
218.75,230.25,1040.0,1994.0,7.91,8.09,-40.43,0.0,1.0,1.0
219.62,231.25,1024.0,2012.0,7.95,8.17,-40.34,0.0,1.0,1.0
220.88,232.75,1016.0,2031.0,7.73,7.95,-40.34,0.0,1.0,1.0
221.88,233.75,1000.0,2048.0,7.51,7.78,-40.43,0.0,1.0,1.0
222.88,235.0,992.0,2065.0,7.43,7.73,-40.52,0.0,1.0,1.0
224.12,236.25,992.0,2081.0,7.29,7.69,-40.61,0.0,1.0,1.0
225.12,237.5,1000.0,2098.0,7.38,7.56,-40.69,0.0,1.0,1.0
226.12,238.5,1000.0,2116.0,7.21,7.43,-40.69,0.0,1.0,1.0
227.12,239.75,1024.0,2132.0,7.08,7.25,-40.78,0.0,1.0,1.0
228.12,240.75,1064.0,2150.0,7.08,7.25,-40.96,0.0,1.0,1.0
229.25,242.0,1112.0,2167.0,6.99,7.21,-41.13,0.0,1.0,1.0
230.12,243.0,1144.0,2187.0,6.9,7.12,-41.31,0.0,1.0,1.0
231.0,243.75,1200.0,2206.0,6.68,6.86,-41.4,0.0,1.0,1.0
232.0,245.0,1224.0,2227.0,6.55,6.72,-41.48,0.0,1.0,1.0
232.88,246.0,1200.0,2249.0,6.11,6.37,-41.57,0.0,1.0,1.0
233.75,247.0,1160.0,2269.0,5.76,6.02,-41.84,0.0,1.0,1.0
234.75,248.25,1144.0,2289.0,5.76,5.98,-42.28,0.0,1.0,1.0
236.0,249.5,1120.0,2308.0,5.89,6.11,-43.07,0.0,1.0,1.0
236.88,250.5,1136.0,2326.0,5.98,6.24,-44.12,0.0,1.0,1.0
238.25,252.0,1144.0,2347.0,5.71,6.15,-45.26,0.0,1.0,1.0
239.12,253.25,1136.0,2364.0,5.71,6.02,-46.58,0.0,1.0,1.0
240.25,254.25,1176.0,2382.0,5.76,6.02,-48.08,0.0,1.0,1.0
241.62,255.75,1264.0,2400.0,6.06,6.33,-49.66,0.0,1.0,1.0
242.38,256.75,1376.0,2419.0,6.59,6.86,-51.5,0.0,1.0,1.0
243.12,257.75,1480.0,2444.0,6.42,6.77,-53.35,0.0,1.0,1.0
243.62,258.25,1560.0,2468.0,5.93,6.28,-55.2,0.0,1.0,1.0
244.12,259.0,1640.0,2493.0,5.89,6.24,-57.04,0.0,1.0,1.0
245.0,260.0,1696.0,2521.0,5.98,6.24,-58.8,0.0,1.0,1.0
245.25,260.5,1784.0,2547.0,5.8,6.06,-60.64,0.0,1.0,1.0
245.38,260.75,1808.0,2576.0,5.89,6.15,-62.4,0.0,1.0,1.0
245.5,261.0,1840.0,2606.0,5.58,5.84,-64.16,0.0,1.0,1.0
245.88,261.25,1840.0,2637.0,5.62,5.84,-66.01,0.0,1.0,1.0
246.25,261.75,1808.0,2668.0,5.45,5.67,-67.76,0.0,1.0,1.0
246.5,262.25,1784.0,2697.0,5.32,5.58,-69.61,0.0,1.0,1.0
246.5,262.5,1792.0,2724.0,5.67,5.93,-71.54,0.0,1.0,1.0
246.88,262.75,1808.0,2754.0,5.76,5.98,-73.39,0.0,1.0,1.0
247.12,263.25,1824.0,2784.0,5.58,5.8,-75.23,0.0,1.0,1.0
247.0,263.5,1840.0,2812.0,5.62,5.84,-77.08,0.0,1.0,1.0
247.5,264.0,1872.0,2841.0,5.67,5.89,-78.84,0.0,1.0,1.0
247.75,264.25,1920.0,2874.0,5.67,5.93,-80.6,0.0,1.0,1.0
247.75,264.5,1976.0,2907.0,5.54,5.76,-81.91,0.0,1.0,1.0
248.12,265.0,2008.0,2940.0,5.27,5.45,-83.06,0.0,1.0,1.0
248.88,266.0,2040.0,2974.0,5.05,5.32,-84.02,0.0,1.0,1.0
249.62,266.75,2080.0,3007.0,5.05,5.23,-84.99,0.0,1.0,1.0
249.88,267.25,2088.0,3043.0,5.01,5.23,-85.87,0.0,1.0,1.0
250.12,267.75,2056.0,3078.0,4.61,4.83,-86.48,0.0,1.0,1.0
250.25,268.0,2008.0,3114.0,4.17,4.39,-87.01,0.0,1.0,1.0
250.38,268.25,1984.0,3145.0,4.35,4.44,-87.45,0.0,1.0,1.0
250.5,268.5,2008.0,3177.0,4.7,4.79,-87.71,0.0,1.0,1.0
250.62,268.75,2056.0,3210.0,4.88,4.92,-87.98,1.0,1.0,1.0
250.25,268.5,2104.0,3244.0,4.83,4.97,-88.15,1.0,1.0,1.0
249.75,268.25,2104.0,3280.0,4.7,4.79,-88.33,1.0,1.0,1.0
249.75,268.5,2072.0,3316.0,4.44,4.53,-88.51,1.0,1.0,1.0
249.88,268.75,2000.0,3351.0,4.22,4.35,-88.68,1.0,1.0,1.0
250.25,269.25,1904.0,3384.0,4.04,4.17,-88.86,1.0,1.0,1.0
250.62,269.75,1792.0,3416.0,3.87,4.04,-89.03,1.0,1.0,1.0
251.0,270.25,1672.0,3445.0,3.78,4.0,-89.3,1.0,1.0,1.0
251.5,270.75,1560.0,3470.0,3.87,4.0,-89.56,1.0,1.0,1.0
252.0,271.5,1472.0,3496.0,3.91,4.09,-89.82,1.0,1.0,1.0
252.25,272.0,1400.0,3520.0,4.09,4.26,-90.09,1.0,1.0,1.0
252.38,272.0,1336.0,3542.0,4.13,4.35,-90.26,1.0,1.0,1.0
252.5,272.25,1288.0,3564.0,4.17,4.35,-90.35,1.0,1.0,1.0
252.5,272.5,1232.0,3584.0,4.17,4.39,-90.44,1.0,1.0,1.0
252.5,272.5,1192.0,3605.0,4.26,4.44,-90.53,1.0,1.0,1.0
252.62,272.75,1152.0,3625.0,4.26,4.44,-90.53,1.0,1.0,1.0
252.5,272.5,1112.0,3644.0,4.31,4.44,-90.62,1.0,1.0,1.0
252.75,273.0,1080.0,3662.0,4.31,4.53,-90.62,1.0,1.0,1.0
252.75,273.0,1064.0,3680.0,4.44,4.57,-90.62,1.0,1.0,1.0
252.88,273.25,1040.0,3698.0,4.39,4.61,-90.62,1.0,1.0,1.0
252.0,272.5,1008.0,3715.0,4.44,4.61,-90.62,1.0,1.0,1.0
251.5,272.0,984.0,3732.0,4.48,4.7,-90.62,1.0,1.0,1.0
250.88,271.25,960.0,3749.0,4.53,4.7,-90.62,1.0,1.0,1.0
250.38,271.0,952.0,3766.0,4.61,4.83,-90.62,1.0,1.0,1.0
250.12,270.75,944.0,3785.0,4.75,4.92,-90.53,1.0,1.0,1.0
249.88,270.5,960.0,3802.0,4.83,4.97,-90.53,1.0,1.0,1.0
249.88,270.5,968.0,3821.0,4.79,4.97,-90.44,1.0,1.0,1.0
249.75,270.5,976.0,3838.0,4.83,4.97,-90.44,1.0,1.0,1.0
249.75,270.5,984.0,3856.0,4.75,4.92,-90.44,1.0,1.0,1.0
249.75,270.75,984.0,3874.0,4.79,4.88,-90.35,1.0,1.0,1.0
249.75,270.75,984.0,3891.0,4.7,4.83,-90.35,1.0,1.0,1.0
249.75,270.75,984.0,3908.0,4.7,4.88,-90.26,1.0,1.0,1.0
249.38,270.5,992.0,3925.0,4.75,4.92,-90.26,1.0,1.0,1.0
249.62,270.75,992.0,3942.0,4.79,4.92,-90.18,1.0,1.0,1.0
249.38,270.5,992.0,3961.0,4.83,4.92,-90.18,1.0,1.0,1.0
249.25,270.5,1000.0,3978.0,4.83,5.01,-90.18,1.0,1.0,1.0
249.5,271.0,1000.0,3995.0,4.79,4.97,-90.18,1.0,1.0,1.0
249.75,271.25,1000.0,4012.0,4.79,4.97,-90.09,1.0,1.0,1.0
250.0,271.75,1008.0,4030.0,4.75,4.92,-90.09,1.0,1.0,1.0
249.75,271.25,1008.0,4047.0,4.75,4.97,-90.09,1.0,1.0,1.0
249.88,271.5,1008.0,4064.0,4.7,4.88,-90.09,1.0,1.0,1.0
249.75,271.5,1008.0,4082.0,4.75,4.92,-90.09,1.0,1.0,1.0
250.0,271.75,976.0,4100.0,4.66,4.83,-90.09,1.0,1.0,1.0
250.25,272.25,920.0,4117.0,4.35,4.53,-90.09,1.0,1.0,1.0
250.5,272.5,824.0,4133.0,4.17,4.35,-90.09,1.0,1.0,1.0
250.88,272.75,728.0,4145.0,4.17,4.26,-90.09,1.0,1.0,1.0
251.0,273.0,624.0,4157.0,4.13,4.31,-90.09,1.0,1.0,1.0
250.25,272.25,528.0,4166.0,4.26,4.39,-90.09,1.0,1.0,1.0
250.38,272.5,440.0,4173.0,4.39,4.53,-90.0,1.0,1.0,1.0
250.25,272.5,368.0,4182.0,4.53,4.7,-90.0,1.0,1.0,1.0
250.0,272.0,304.0,4187.0,4.48,4.66,-90.0,1.0,1.0,1.0
250.12,272.25,248.0,4192.0,4.57,4.75,-90.0,1.0,1.0,1.0
250.0,272.25,216.0,4196.0,4.61,4.79,-90.0,1.0,1.0,1.0
249.88,272.0,200.0,4200.0,4.79,4.88,-90.0,1.0,1.0,1.0
249.75,272.0,208.0,4204.0,4.92,5.1,-90.0,1.0,1.0,1.0
249.38,271.5,240.0,4208.0,5.05,5.23,-90.0,1.0,1.0,1.0
249.38,271.5,304.0,4212.0,5.23,5.36,-90.0,1.0,1.0,1.0
249.38,271.5,392.0,4219.0,5.36,5.54,-90.0,1.0,1.0,1.0
249.25,271.5,472.0,4228.0,5.36,5.54,-90.0,1.0,1.0,1.0
249.38,271.75,552.0,4238.0,5.23,5.45,-90.0,1.0,1.0,1.0
249.25,271.5,616.0,4248.0,5.19,5.36,-90.0,1.0,1.0,1.0
249.25,271.5,664.0,4260.0,5.14,5.32,-90.0,1.0,1.0,1.0
249.0,271.25,704.0,4272.0,5.05,5.23,-90.0,1.0,1.0,1.0
249.0,271.5,744.0,4285.0,5.01,5.19,-90.0,1.0,1.0,1.0
249.0,271.5,776.0,4298.0,5.01,5.19,-90.0,1.0,1.0,1.0
249.0,271.5,800.0,4311.0,5.01,5.19,-90.09,1.0,1.0,1.0
249.12,271.75,832.0,4325.0,4.97,5.14,-90.09,1.0,1.0,1.0
249.25,271.75,856.0,4339.0,4.88,5.1,-90.09,1.0,1.0,1.0
249.38,272.0,872.0,4354.0,4.88,5.05,-90.09,1.0,1.0,1.0
249.62,272.25,888.0,4368.0,4.88,5.1,-90.09,1.0,1.0,1.0
249.62,272.5,904.0,4382.0,4.83,5.05,-90.09,1.0,1.0,1.0
249.75,272.75,920.0,4398.0,4.83,5.01,-90.09,1.0,1.0,1.0
250.12,273.0,936.0,4412.0,4.79,5.01,-90.09,1.0,1.0,1.0
250.25,273.25,944.0,4427.0,4.79,4.97,-90.09,1.0,1.0,1.0
250.25,273.5,952.0,4443.0,4.75,4.97,-90.18,1.0,1.0,1.0
250.25,273.5,960.0,4458.0,4.75,4.92,-90.18,1.0,1.0,1.0
250.25,273.5,960.0,4473.0,4.7,4.92,-90.18,1.0,1.0,1.0
250.25,273.5,960.0,4489.0,4.7,4.92,-90.18,1.0,1.0,1.0
250.38,273.75,960.0,4504.0,4.75,4.88,-90.18,1.0,1.0,1.0
250.25,273.75,960.0,4520.0,4.75,4.92,-90.18,1.0,1.0,1.0
250.25,273.75,968.0,4535.0,4.75,4.88,-90.09,1.0,1.0,1.0
249.88,273.25,960.0,4551.0,4.75,4.92,-90.09,1.0,1.0,1.0
249.62,273.25,960.0,4567.0,4.75,4.92,-90.09,1.0,1.0,1.0
249.62,273.25,960.0,4583.0,4.79,4.97,-90.09,1.0,1.0,1.0
249.88,273.5,968.0,4598.0,4.79,5.01,-90.09,1.0,1.0,1.0
249.62,273.25,968.0,4615.0,4.79,4.97,-90.09,1.0,1.0,1.0
249.5,273.25,968.0,4631.0,4.83,4.97,-90.09,1.0,1.0,1.0
249.62,273.5,976.0,4647.0,4.79,4.97,-90.09,1.0,1.0,1.0
249.38,273.25,976.0,4663.0,4.83,5.01,-90.0,1.0,1.0,1.0
249.25,273.25,976.0,4679.0,4.75,4.97,-90.0,1.0,1.0,1.0
249.62,273.75,976.0,4695.0,4.75,5.01,-90.0,1.0,1.0,1.0
249.88,274.0,976.0,4711.0,4.75,4.92,-90.0,1.0,1.0,1.0
249.88,274.0,984.0,4727.0,4.75,4.92,-90.0,1.0,1.0,1.0
249.88,274.25,984.0,4743.0,4.7,4.92,-90.0,1.0,1.0,1.0
249.62,274.25,984.0,4758.0,4.75,4.92,-90.0,1.0,1.0,1.0
249.75,274.5,984.0,4775.0,4.7,4.92,-90.0,1.0,1.0,1.0
250.0,274.75,984.0,4791.0,4.66,4.88,-90.0,1.0,1.0,1.0
250.0,274.75,984.0,4808.0,4.7,4.88,-90.0,1.0,1.0,1.0
249.75,274.5,984.0,4823.0,4.75,4.92,-90.0,1.0,1.0,1.0
249.75,274.5,984.0,4839.0,4.75,4.97,-90.09,1.0,1.0,1.0
249.62,274.5,984.0,4856.0,4.75,4.97,-90.09,1.0,1.0,1.0
249.5,274.5,984.0,4871.0,4.7,4.97,-90.09,1.0,1.0,1.0
249.38,274.5,976.0,4887.0,4.7,4.92,-90.09,1.0,1.0,1.0
249.25,274.25,968.0,4904.0,4.79,4.92,-90.09,1.0,1.0,1.0
249.38,274.5,976.0,4920.0,4.79,5.01,-90.09,1.0,1.0,1.0
249.62,274.75,984.0,4936.0,4.83,4.97,-90.09,1.0,1.0,1.0
249.75,275.0,992.0,4952.0,4.83,4.92,-90.09,1.0,1.0,1.0
249.88,275.25,1000.0,4969.0,4.75,4.92,-90.0,1.0,1.0,1.0
250.0,275.5,1000.0,4985.0,4.75,4.92,-90.0,1.0,1.0,1.0
250.12,275.75,1000.0,5002.0,4.75,4.88,-90.0,1.0,1.0,1.0
250.12,275.75,1000.0,5018.0,4.7,4.88,-90.0,1.0,1.0,1.0
250.25,276.0,1000.0,5035.0,4.66,4.88,-90.0,1.0,1.0,1.0
250.12,276.0,1000.0,5050.0,4.66,4.88,-90.0,1.0,1.0,1.0
250.12,276.0,1000.0,5067.0,4.75,4.92,-90.0,1.0,1.0,1.0
250.12,276.0,1000.0,5083.0,4.75,4.92,-90.0,1.0,1.0,1.0
250.12,276.0,1000.0,5099.0,4.75,4.92,-90.0,1.0,1.0,1.0
250.0,276.0,992.0,5115.0,4.66,4.83,-90.0,1.0,1.0,1.0
250.0,276.0,984.0,5133.0,4.66,4.83,-90.0,1.0,1.0,1.0
249.88,276.0,976.0,5149.0,4.7,4.88,-90.0,1.0,1.0,1.0
249.75,276.0,984.0,5165.0,4.83,5.01,-90.0,1.0,1.0,1.0
249.88,276.25,992.0,5182.0,4.75,4.92,-90.0,1.0,1.0,1.0
249.75,276.0,984.0,5197.0,4.7,4.88,-90.0,1.0,1.0,1.0
249.38,275.75,976.0,5213.0,4.79,4.97,-90.0,1.0,1.0,1.0
249.38,275.75,984.0,5230.0,4.88,5.01,-90.0,1.0,1.0,1.0
249.38,275.75,992.0,5247.0,4.83,4.97,-90.0,1.0,1.0,1.0
248.88,275.5,992.0,5264.0,4.83,5.01,-89.91,1.0,1.0,1.0
249.0,275.5,984.0,5281.0,4.79,4.97,-89.91,1.0,1.0,1.0
248.75,275.5,984.0,5297.0,4.88,4.97,-89.91,1.0,1.0,1.0
248.75,275.5,992.0,5315.0,4.88,5.01,-89.91,1.0,1.0,1.0
248.75,275.5,992.0,5332.0,4.83,5.01,-89.91,1.0,1.0,1.0
249.12,276.0,1000.0,5348.0,4.83,5.01,-89.91,1.0,1.0,1.0
248.88,275.75,1000.0,5366.0,4.79,4.92,-89.91,1.0,1.0,1.0
249.0,276.0,1000.0,5382.0,4.79,4.92,-89.91,1.0,1.0,1.0
249.12,276.25,1008.0,5398.0,4.88,4.92,-89.91,1.0,1.0,1.0
249.5,276.75,1016.0,5416.0,4.75,4.92,-89.91,1.0,1.0,1.0
249.75,277.0,1016.0,5432.0,4.79,4.88,-89.91,1.0,1.0,1.0
249.5,277.0,1024.0,5449.0,4.75,4.92,-89.91,1.0,1.0,1.0
249.75,277.25,1024.0,5465.0,4.7,4.88,-89.91,1.0,1.0,1.0
250.0,277.5,1024.0,5482.0,4.75,4.83,-90.0,1.0,1.0,1.0
250.12,277.75,1016.0,5498.0,4.7,4.83,-90.0,1.0,1.0,1.0
250.12,277.75,1008.0,5515.0,4.7,4.83,-90.0,1.0,1.0,1.0
250.12,277.75,1008.0,5532.0,4.7,4.83,-90.0,1.0,1.0,1.0
250.0,277.75,1000.0,5548.0,4.7,4.88,-90.0,1.0,1.0,1.0
249.88,277.75,1008.0,5566.0,4.75,4.97,-90.0,1.0,1.0,1.0
249.88,277.75,1008.0,5583.0,4.75,4.88,-90.0,1.0,1.0,1.0
249.88,277.75,1016.0,5599.0,4.79,4.92,-90.0,1.0,1.0,1.0
250.0,278.0,1048.0,5616.0,4.92,5.05,-89.82,1.0,1.0,1.0
250.0,278.25,1104.0,5634.0,5.01,5.19,-89.47,1.0,1.0,1.0
250.12,278.25,1176.0,5653.0,5.14,5.32,-88.95,1.0,1.0,1.0
250.12,278.5,1264.0,5671.0,5.32,5.45,-88.07,1.0,1.0,1.0
250.38,278.75,1368.0,5693.0,5.41,5.58,-87.1,1.0,1.0,1.0
250.38,278.75,1472.0,5716.0,5.45,5.58,-85.96,1.0,1.0,1.0
250.5,279.25,1576.0,5740.0,5.49,5.58,-84.73,1.0,1.0,1.0
250.75,279.5,1680.0,5767.0,5.49,5.54,-83.41,1.0,1.0,1.0
250.88,279.75,1784.0,5795.0,5.49,5.58,-82.09,1.0,1.0,1.0
250.75,279.75,1896.0,5824.0,5.45,5.54,-80.86,1.0,1.0,1.0
250.75,280.0,2008.0,5855.0,5.49,5.54,-79.54,1.0,1.0,1.0
250.88,280.25,2112.0,5888.0,5.45,5.62,-78.31,1.0,1.0,1.0
250.88,280.25,2200.0,5923.0,5.41,5.45,-77.17,1.0,1.0,1.0
251.12,280.75,2272.0,5959.0,5.27,5.36,-76.03,1.0,1.0,1.0
251.25,281.25,2328.0,5997.0,5.01,5.14,-74.97,1.0,1.0,1.0
251.5,281.5,2352.0,6036.0,4.88,5.01,-73.92,1.0,1.0,1.0
251.62,282.0,2360.0,6074.0,4.79,4.97,-72.95,1.0,1.0,1.0
252.0,282.5,2368.0,6112.0,4.75,4.92,-71.98,1.0,1.0,1.0
251.75,282.25,2368.0,6151.0,4.66,4.79,-71.1,1.0,1.0,1.0
251.25,282.0,2344.0,6189.0,4.61,4.75,-70.22,1.0,1.0,1.0
251.0,282.0,2320.0,6228.0,4.57,4.75,-69.35,1.0,1.0,1.0
250.88,282.0,2264.0,6267.0,4.48,4.66,-68.55,1.0,1.0,1.0
250.88,282.0,2176.0,6304.0,4.26,4.39,-67.76,1.0,1.0,1.0
251.0,282.25,2040.0,6341.0,4.0,4.22,-67.06,1.0,1.0,1.0
251.25,282.75,1864.0,6376.0,3.74,3.91,-66.36,1.0,1.0,1.0
251.75,283.5,1664.0,6406.0,3.52,3.74,-65.65,1.0,1.0,1.0
251.75,283.75,1448.0,6434.0,3.43,3.6,-64.86,1.0,1.0,1.0
252.38,284.5,1248.0,6457.0,3.52,3.65,-64.16,1.0,1.0,1.0
252.75,285.0,1080.0,6477.0,3.65,3.74,-63.46,1.0,1.0,1.0
253.38,285.75,960.0,6495.0,3.82,3.96,-62.75,1.0,1.0,1.0
254.0,286.75,896.0,6510.0,3.96,4.17,-62.14,1.0,1.0,1.0
254.88,287.5,864.0,6528.0,4.04,4.22,-61.79,1.0,1.0,1.0
255.75,288.5,856.0,6543.0,4.04,4.26,-61.61,1.0,1.0,1.0
256.5,289.5,864.0,6557.0,4.0,4.22,-61.61,1.0,1.0,1.0
257.5,290.75,864.0,6572.0,3.96,4.17,-61.7,1.0,1.0,1.0
258.38,291.75,872.0,6587.0,3.91,4.09,-61.88,1.0,1.0,1.0
259.25,292.75,888.0,6602.0,3.87,4.09,-62.05,1.0,1.0,1.0
260.12,294.0,896.0,6618.0,3.78,4.0,-62.23,1.0,1.0,1.0
261.0,294.75,904.0,6634.0,3.69,3.91,-62.31,1.0,1.0,1.0
262.0,296.0,912.0,6650.0,3.6,3.82,-62.49,1.0,1.0,1.0
262.88,297.0,912.0,6666.0,3.52,3.69,-62.67,1.0,1.0,1.0
263.75,298.0,912.0,6681.0,3.47,3.65,-62.75,1.0,1.0,1.0
264.75,299.25,912.0,6697.0,3.43,3.6,-62.84,1.0,1.0,1.0
265.38,300.0,920.0,6712.0,3.38,3.6,-62.93,1.0,1.0,1.0
266.0,301.0,920.0,6728.0,3.34,3.47,-63.02,1.0,1.0,1.0
266.75,301.75,920.0,6744.0,3.25,3.43,-63.02,1.0,1.0,1.0
267.5,302.5,920.0,6760.0,3.21,3.34,-63.02,1.0,1.0,1.0
268.38,303.75,920.0,6776.0,3.21,3.38,-63.02,1.0,1.0,1.0
269.25,304.75,928.0,6792.0,3.21,3.34,-63.02,1.0,1.0,1.0
269.88,305.75,944.0,6808.0,3.16,3.34,-62.93,1.0,1.0,1.0
270.75,306.5,960.0,6823.0,3.08,3.25,-62.84,1.0,1.0,1.0
271.5,307.5,968.0,6840.0,2.99,3.12,-62.84,1.0,1.0,1.0
272.12,308.25,968.0,6857.0,2.9,3.08,-62.75,1.0,1.0,1.0
272.88,309.25,960.0,6873.0,2.81,2.99,-62.67,1.0,1.0,1.0
273.62,310.25,960.0,6889.0,2.77,2.94,-62.58,1.0,1.0,1.0
274.5,311.25,960.0,6905.0,2.77,2.94,-62.49,1.0,1.0,1.0
275.25,312.0,960.0,6922.0,2.68,2.9,-62.4,1.0,1.0,1.0
276.12,313.0,960.0,6938.0,2.64,2.86,-62.31,1.0,1.0,1.0
276.88,314.0,968.0,6954.0,2.64,2.81,-62.31,1.0,1.0,1.0
277.75,315.25,968.0,6970.0,2.55,2.72,-62.23,1.0,1.0,1.0
278.62,316.25,976.0,6987.0,2.5,2.72,-62.14,1.0,1.0,1.0
279.12,316.75,976.0,7002.0,2.5,2.64,-62.14,1.0,1.0,1.0
280.0,318.0,984.0,7019.0,2.46,2.64,-62.05,1.0,1.0,1.0
280.75,318.75,992.0,7036.0,2.42,2.55,-61.96,1.0,1.0,1.0
281.38,319.5,992.0,7052.0,2.42,2.5,-61.96,1.0,1.0,1.0
281.88,320.25,992.0,7069.0,2.33,2.42,-61.88,1.0,1.0,1.0
282.62,321.25,992.0,7085.0,2.24,2.42,-61.88,1.0,1.0,1.0
283.38,322.0,976.0,7103.0,2.24,2.37,-61.79,1.0,1.0,1.0
284.0,322.75,976.0,7118.0,2.2,2.33,-61.79,1.0,1.0,1.0
284.62,323.5,976.0,7135.0,2.2,2.33,-61.7,1.0,1.0,1.0
285.5,324.75,984.0,7151.0,2.15,2.33,-61.7,1.0,1.0,1.0
286.12,325.5,984.0,7169.0,2.07,2.24,-61.7,1.0,1.0,1.0
286.75,326.25,984.0,7184.0,2.07,2.2,-61.7,1.0,1.0,1.0
287.62,327.25,992.0,7201.0,1.98,2.15,-61.7,1.0,1.0,1.0
288.5,328.25,992.0,7218.0,1.93,2.07,-61.61,1.0,1.0,1.0
289.38,329.25,984.0,7234.0,1.89,2.07,-61.61,1.0,1.0,1.0
290.25,330.25,976.0,7251.0,1.76,1.93,-61.61,1.0,1.0,1.0
290.88,331.25,968.0,7267.0,1.76,1.89,-61.61,1.0,1.0,1.0
291.38,331.75,960.0,7285.0,1.76,1.89,-61.61,1.0,1.0,1.0
292.0,332.5,960.0,7298.0,1.8,1.93,-61.61,1.0,1.0,1.0
292.62,333.5,968.0,7315.0,1.76,1.89,-61.61,1.0,1.0,1.0
293.12,334.0,968.0,7331.0,1.71,1.85,-61.61,1.0,1.0,1.0
293.75,334.75,976.0,7349.0,1.71,1.85,-61.52,1.0,1.0,1.0
294.5,335.75,984.0,7365.0,1.67,1.85,-61.52,1.0,1.0,1.0
295.38,337.0,984.0,7381.0,1.58,1.71,-61.52,1.0,1.0,1.0
296.0,337.5,976.0,7398.0,1.49,1.67,-61.52,1.0,1.0,1.0
296.62,338.5,968.0,7415.0,1.45,1.63,-61.52,1.0,1.0,1.0
297.38,339.25,960.0,7430.0,1.45,1.63,-61.52,1.0,1.0,1.0
298.0,340.0,968.0,7446.0,1.45,1.63,-61.52,1.0,1.0,1.0
298.75,341.0,960.0,7462.0,1.36,1.49,-61.52,1.0,1.0,1.0
299.88,342.25,968.0,7479.0,1.32,1.49,-61.52,1.0,1.0,1.0
300.88,343.75,968.0,7496.0,1.32,1.45,-61.52,1.0,1.0,1.0
301.62,344.5,984.0,7510.0,1.32,1.49,-61.52,1.0,1.0,1.0
302.38,345.5,992.0,7528.0,1.32,1.45,-61.52,1.0,1.0,1.0
303.12,346.25,1008.0,7544.0,1.27,1.41,-61.52,1.0,1.0,1.0
303.75,347.25,1016.0,7561.0,1.23,1.41,-61.52,1.0,1.0,1.0
304.38,348.0,1024.0,7577.0,1.14,1.27,-61.44,1.0,1.0,1.0
305.25,349.0,1016.0,7595.0,1.05,1.23,-61.44,1.0,1.0,1.0
306.12,350.0,1024.0,7612.0,1.05,1.23,-61.44,1.0,1.0,1.0
306.88,351.0,1016.0,7629.0,0.97,1.14,-61.44,1.0,1.0,1.0
307.62,351.75,1016.0,7647.0,0.97,1.14,-61.44,1.0,1.0,1.0
307.88,352.25,1008.0,7663.0,0.83,1.01,-61.44,1.0,1.0,1.0
308.62,353.0,1008.0,7679.0,0.92,1.05,-61.44,1.0,1.0,1.0
309.12,353.75,1024.0,7696.0,0.97,1.19,-61.44,1.0,1.0,1.0
309.5,354.5,1032.0,7712.0,0.88,1.05,-61.44,1.0,1.0,1.0
310.25,355.25,1024.0,7731.0,0.83,0.97,-61.44,1.0,1.0,1.0
311.0,356.25,1016.0,7748.0,0.79,0.97,-61.44,1.0,1.0,1.0
311.88,357.25,1024.0,7766.0,0.79,0.92,-61.44,1.0,1.0,1.0
312.5,358.0,1024.0,7782.0,0.79,0.92,-61.44,1.0,1.0,1.0
312.88,358.5,1040.0,7798.0,0.79,0.97,-61.44,1.0,1.0,1.0
313.5,359.25,1056.0,7815.0,0.75,0.88,-61.44,1.0,1.0,1.0
313.75,359.75,1072.0,7832.0,0.75,0.88,-61.44,1.0,1.0,1.0
314.25,360.25,1104.0,7848.0,0.79,0.97,-61.44,1.0,1.0,1.0
314.5,360.75,1144.0,7867.0,0.79,0.97,-61.44,1.0,1.0,1.0
314.12,360.5,1184.0,7887.0,0.79,0.97,-61.44,1.0,1.0,1.0
314.12,360.75,1216.0,7906.0,0.79,0.97,-61.44,1.0,1.0,1.0
314.5,361.0,1256.0,7927.0,0.79,1.01,-61.44,1.0,1.0,1.0
314.88,361.5,1304.0,7947.0,0.83,0.97,-61.44,1.0,1.0,1.0
315.25,362.25,1360.0,7968.0,0.83,0.97,-61.52,1.0,1.0,1.0
315.75,362.75,1408.0,7991.0,0.79,0.92,-61.52,1.0,1.0,1.0
316.12,363.5,1440.0,8015.0,0.7,0.88,-61.52,1.0,1.0,1.0
316.62,364.0,1488.0,8039.0,0.7,0.88,-61.52,1.0,1.0,1.0
317.25,365.0,1536.0,8065.0,0.75,0.97,-61.52,1.0,1.0,1.0
317.38,365.25,1592.0,8090.0,0.75,0.92,-61.61,1.0,1.0,1.0
317.5,365.5,1640.0,8116.0,0.66,0.83,-61.61,1.0,1.0,1.0
318.25,366.5,1680.0,8144.0,0.62,0.79,-61.61,1.0,1.0,1.0
318.38,366.75,1720.0,8171.0,0.66,0.83,-61.61,1.0,1.0,1.0
318.88,367.75,1776.0,8200.0,0.66,0.83,-61.7,1.0,1.0,1.0
319.0,368.0,1824.0,8229.0,0.66,0.79,-61.7,1.0,1.0,1.0
319.25,368.5,1856.0,8258.0,0.57,0.75,-61.7,1.0,1.0,1.0
319.12,368.5,1880.0,8289.0,0.53,0.66,-61.7,1.0,1.0,1.0
319.0,368.5,1888.0,8323.0,0.48,0.62,-61.7,1.0,1.0,1.0
318.88,368.5,1896.0,8351.0,0.53,0.7,-61.7,1.0,1.0,1.0
319.5,369.5,1912.0,8382.0,0.53,0.7,-61.7,1.0,1.0,1.0
319.62,369.75,1920.0,8414.0,0.48,0.66,-61.7,1.0,1.0,1.0
319.75,370.0,1928.0,8446.0,0.4,0.62,-61.7,1.0,1.0,1.0
319.75,370.25,1928.0,8478.0,0.44,0.62,-61.79,1.0,1.0,1.0
320.12,370.75,1936.0,8508.0,0.48,0.62,-61.79,1.0,1.0,1.0
320.12,371.0,1952.0,8541.0,0.53,0.66,-61.79,1.0,1.0,1.0
320.5,371.5,1984.0,8572.0,0.48,0.66,-61.79,1.0,1.0,1.0
320.75,372.0,2000.0,8606.0,0.44,0.66,-61.79,1.0,1.0,1.0
320.88,372.25,2016.0,8640.0,0.44,0.62,-61.79,1.0,1.0,1.0
320.62,372.25,2016.0,8672.0,0.44,0.62,-61.79,1.0,1.0,1.0
320.75,372.25,2032.0,8707.0,0.44,0.62,-61.79,1.0,1.0,1.0
320.88,372.75,2048.0,8739.0,0.53,0.62,-61.79,1.0,1.0,1.0
320.75,372.75,2072.0,8773.0,0.48,0.66,-61.79,1.0,1.0,1.0
320.62,373.0,2088.0,8808.0,0.48,0.66,-61.79,1.0,1.0,1.0
320.5,372.75,2088.0,8843.0,0.35,0.57,-61.79,1.0,1.0,1.0
320.5,373.0,2080.0,8878.0,0.35,0.57,-61.79,1.0,1.0,1.0
320.5,373.25,2072.0,8912.0,0.35,0.53,-61.79,1.0,1.0,1.0
320.62,373.5,2064.0,8946.0,0.44,0.62,-61.79,1.0,1.0,1.0
320.75,373.75,2080.0,8981.0,0.44,0.62,-61.79,1.0,1.0,1.0
320.75,373.75,2080.0,9016.0,0.4,0.57,-61.79,1.0,1.0,1.0
320.38,373.75,2080.0,9049.0,0.4,0.57,-61.79,1.0,1.0,1.0
320.5,374.0,2080.0,9084.0,0.44,0.57,-61.79,1.0,1.0,1.0
320.38,374.0,2080.0,9119.0,0.4,0.57,-61.79,1.0,1.0,1.0
320.5,374.25,2080.0,9154.0,0.4,0.57,-61.79,1.0,1.0,1.0
320.38,374.25,2072.0,9189.0,0.35,0.57,-61.79,1.0,1.0,1.0
320.12,374.25,2064.0,9225.0,0.35,0.53,-61.79,1.0,1.0,1.0
320.0,374.25,2048.0,9258.0,0.35,0.53,-61.79,1.0,1.0,1.0
319.75,374.25,2032.0,9293.0,0.35,0.53,-61.79,1.0,1.0,1.0
319.5,374.0,2016.0,9325.0,0.4,0.57,-61.79,1.0,1.0,1.0
319.38,374.0,2008.0,9360.0,0.4,0.53,-61.79,1.0,1.0,1.0
319.38,374.5,1992.0,9394.0,0.4,0.57,-61.79,1.0,1.0,1.0
319.5,374.5,1992.0,9427.0,0.44,0.62,-61.79,1.0,1.0,1.0
319.5,374.75,1992.0,9460.0,0.4,0.62,-61.79,1.0,1.0,1.0
319.88,375.5,1976.0,9493.0,0.35,0.53,-61.79,1.0,1.0,1.0
319.75,375.5,1960.0,9526.0,0.35,0.53,-61.79,1.0,1.0,1.0
319.88,376.0,1960.0,9559.0,0.48,0.66,-61.79,1.0,1.0,1.0
319.88,376.0,1968.0,9591.0,0.44,0.62,-61.79,1.0,1.0,1.0
319.75,376.0,1976.0,9625.0,0.48,0.66,-61.79,1.0,1.0,1.0
319.88,376.25,1984.0,9658.0,0.44,0.62,-61.88,1.0,1.0,1.0
319.75,376.25,1984.0,9691.0,0.4,0.57,-61.88,1.0,1.0,1.0
320.0,376.75,1984.0,9725.0,0.35,0.53,-61.88,1.0,1.0,1.0
320.38,377.5,1968.0,9759.0,0.35,0.53,-61.88,1.0,1.0,1.0
320.38,377.75,1968.0,9791.0,0.4,0.57,-61.88,1.0,1.0,1.0
320.12,377.5,1968.0,9825.0,0.4,0.57,-61.88,1.0,1.0,1.0
319.88,377.5,1968.0,9858.0,0.44,0.57,-61.88,1.0,1.0,1.0
319.88,377.75,1968.0,9891.0,0.44,0.57,-61.88,1.0,1.0,1.0
319.5,377.5,1960.0,9924.0,0.4,0.57,-61.88,1.0,1.0,1.0
319.38,377.5,1952.0,9957.0,0.4,0.57,-61.88,1.0,1.0,1.0
319.25,377.5,1936.0,9990.0,0.4,0.57,-61.88,1.0,1.0,1.0
319.38,377.75,1928.0,10022.0,0.4,0.62,-61.88,1.0,1.0,1.0
319.25,378.0,1920.0,10054.0,0.4,0.62,-61.88,1.0,1.0,1.0
319.12,378.0,1904.0,10087.0,0.35,0.57,-61.96,1.0,1.0,1.0
318.75,377.75,1880.0,10118.0,0.35,0.62,-61.96,1.0,1.0,1.0
318.5,377.75,1864.0,10150.0,0.4,0.62,-61.96,1.0,1.0,1.0
318.38,377.75,1856.0,10182.0,0.44,0.62,-62.05,1.0,1.0,1.0
318.25,377.75,1856.0,10213.0,0.53,0.75,-62.05,1.0,1.0,1.0
318.38,378.25,1864.0,10244.0,0.48,0.7,-62.14,1.0,1.0,1.0
318.75,378.75,1864.0,10276.0,0.44,0.66,-62.14,1.0,1.0,1.0
319.0,379.0,1864.0,10308.0,0.44,0.62,-62.14,1.0,1.0,1.0
318.62,378.75,1856.0,10339.0,0.44,0.62,-62.14,1.0,1.0,1.0
318.5,379.0,1856.0,10371.0,0.4,0.62,-62.23,1.0,1.0,1.0
318.62,379.25,1864.0,10402.0,0.48,0.66,-62.23,1.0,1.0,1.0
318.75,379.5,1872.0,10433.0,0.48,0.66,-62.23,1.0,1.0,1.0
319.0,380.0,1888.0,10465.0,0.44,0.62,-62.23,1.0,1.0,1.0
319.12,380.5,1912.0,10497.0,0.53,0.62,-62.23,1.0,1.0,1.0
319.12,380.5,1944.0,10527.0,0.57,0.7,-62.23,1.0,1.0,1.0
319.38,381.0,1968.0,10561.0,0.48,0.66,-62.23,1.0,1.0,1.0
319.38,381.25,2000.0,10593.0,0.48,0.66,-62.23,1.0,1.0,1.0
319.5,381.5,2016.0,10628.0,0.44,0.62,-62.23,1.0,1.0,1.0
319.88,382.0,2040.0,10661.0,0.48,0.62,-62.23,1.0,1.0,1.0
320.12,382.5,2056.0,10696.0,0.48,0.57,-62.23,1.0,1.0,1.0
320.25,382.75,2088.0,10729.0,0.53,0.66,-62.23,1.0,1.0,1.0
320.5,383.25,2112.0,10765.0,0.57,0.7,-62.23,1.0,1.0,1.0
321.12,384.25,2160.0,10801.0,0.48,0.62,-62.23,1.0,1.0,1.0
321.0,384.5,2200.0,10835.0,0.53,0.66,-62.23,1.0,1.0,1.0
321.62,385.25,2248.0,10873.0,0.48,0.7,-62.23,1.0,1.0,1.0
321.75,385.5,2280.0,10911.0,0.44,0.62,-62.14,1.0,1.0,1.0
321.62,385.75,2320.0,10948.0,0.44,0.57,-62.14,1.0,1.0,1.0
322.0,386.25,2352.0,10988.0,0.44,0.57,-62.14,1.0,1.0,1.0
321.88,386.5,2392.0,11027.0,0.48,0.57,-62.14,1.0,1.0,1.0
321.88,386.75,2432.0,11066.0,0.44,0.57,-62.14,1.0,1.0,1.0
321.88,386.75,2464.0,11108.0,0.44,0.57,-62.05,1.0,1.0,1.0
321.75,387.0,2488.0,11148.0,0.4,0.53,-62.05,1.0,1.0,1.0
321.75,387.0,2504.0,11189.0,0.35,0.53,-62.05,1.0,1.0,1.0
321.75,387.25,2512.0,11231.0,0.4,0.53,-61.96,1.0,1.0,1.0
321.5,387.5,2520.0,11273.0,0.35,0.53,-61.96,1.0,1.0,1.0
321.12,387.25,2520.0,11317.0,0.31,0.48,-61.96,1.0,1.0,1.0
320.75,387.0,2520.0,11358.0,0.31,0.53,-61.96,1.0,1.0,1.0
320.5,386.75,2512.0,11399.0,0.35,0.53,-61.96,1.0,1.0,1.0
320.75,387.25,2520.0,11441.0,0.4,0.57,-61.88,1.0,1.0,1.0
320.5,387.25,2528.0,11482.0,0.35,0.53,-61.88,1.0,1.0,1.0
320.5,387.5,2536.0,11525.0,0.4,0.57,-61.88,1.0,1.0,1.0
320.12,387.25,2536.0,11568.0,0.35,0.53,-61.88,1.0,1.0,1.0
320.12,387.5,2536.0,11611.0,0.4,0.57,-61.88,1.0,1.0,1.0
320.12,387.5,2544.0,11652.0,0.4,0.57,-61.88,1.0,1.0,1.0
320.0,387.75,2552.0,11693.0,0.4,0.57,-61.88,1.0,1.0,1.0
319.88,387.75,2552.0,11735.0,0.4,0.57,-61.88,1.0,1.0,1.0
319.75,387.75,2568.0,11778.0,0.4,0.57,-61.88,1.0,1.0,1.0
319.5,388.0,2576.0,11822.0,0.4,0.57,-61.88,1.0,1.0,1.0
319.38,387.75,2584.0,11864.0,0.4,0.53,-61.88,1.0,1.0,1.0
319.25,388.0,2592.0,11909.0,0.4,0.57,-61.88,1.0,1.0,1.0
319.38,388.25,2608.0,11950.0,0.4,0.57,-61.79,1.0,1.0,1.0
319.0,388.25,2624.0,11994.0,0.44,0.62,-61.79,1.0,1.0,1.0
319.0,388.5,2640.0,12038.0,0.44,0.62,-61.79,1.0,1.0,1.0
318.5,388.25,2648.0,12082.0,0.44,0.66,-61.79,1.0,1.0,1.0
318.25,388.25,2656.0,12126.0,0.4,0.62,-61.79,1.0,1.0,1.0
318.25,388.75,2656.0,12169.0,0.44,0.62,-61.88,1.0,1.0,1.0
318.5,389.0,2664.0,12214.0,0.44,0.62,-61.88,1.0,1.0,1.0
318.5,389.5,2664.0,12259.0,0.4,0.57,-61.88,1.0,1.0,1.0
318.38,389.5,2656.0,12304.0,0.35,0.57,-61.88,1.0,1.0,1.0
318.12,389.25,2640.0,12346.0,0.35,0.53,-61.88,1.0,1.0,1.0
318.62,390.25,2624.0,12390.0,0.35,0.53,-61.88,1.0,1.0,1.0
319.62,391.75,2616.0,12435.0,0.35,0.53,-61.88,1.0,1.0,1.0
319.75,392.25,2616.0,12478.0,0.31,0.48,-61.88,1.0,1.0,1.0
320.12,392.75,2608.0,12520.0,0.31,0.48,-61.88,1.0,1.0,1.0
320.75,394.0,2616.0,12565.0,0.35,0.48,-61.88,1.0,1.0,1.0
320.75,394.0,2624.0,12607.0,0.35,0.48,-61.88,1.0,1.0,1.0
321.12,394.75,2632.0,12652.0,0.4,0.53,-61.88,1.0,1.0,1.0
321.38,395.25,2664.0,12693.0,0.4,0.53,-61.88,1.0,1.0,1.0
322.0,396.25,2680.0,12738.0,0.26,0.44,-61.88,1.0,1.0,1.0
321.75,396.25,2688.0,12784.0,0.31,0.44,-61.88,1.0,1.0,1.0
321.62,396.5,2696.0,12829.0,0.26,0.48,-61.88,1.0,1.0,1.0
321.0,395.75,2704.0,12872.0,0.4,0.57,-61.88,1.0,1.0,1.0
320.88,396.0,2712.0,12918.0,0.26,0.48,-61.88,1.0,1.0,1.0
320.88,396.0,2696.0,12965.0,0.18,0.44,-61.88,1.0,1.0,1.0
320.75,396.25,2696.0,13010.0,0.35,0.53,-61.96,1.0,1.0,1.0
321.12,397.0,2712.0,13056.0,0.35,0.57,-61.96,1.0,1.0,1.0
321.88,398.0,2720.0,13101.0,0.26,0.48,-61.96,1.0,1.0,1.0
321.38,398.0,2728.0,13146.0,0.31,0.53,-61.96,1.0,1.0,1.0
321.12,398.0,2728.0,13192.0,0.26,0.48,-62.05,1.0,1.0,1.0
321.12,398.25,2720.0,13236.0,0.18,0.44,-62.05,1.0,1.0,1.0
321.12,398.5,2704.0,13283.0,0.22,0.4,-62.05,1.0,1.0,1.0
321.38,399.0,2704.0,13328.0,0.26,0.48,-62.14,1.0,1.0,1.0
321.88,399.75,2704.0,13373.0,0.26,0.4,-62.14,1.0,1.0,1.0
321.38,399.25,2696.0,13418.0,0.31,0.44,-62.14,1.0,1.0,1.0
321.12,399.5,2688.0,13464.0,0.26,0.4,-62.14,1.0,1.0,1.0
321.38,400.0,2680.0,13507.0,0.31,0.48,-62.14,1.0,1.0,1.0
320.88,399.75,2664.0,13554.0,0.22,0.4,-62.14,1.0,1.0,1.0
320.75,400.0,2656.0,13597.0,0.26,0.44,-62.14,1.0,1.0,1.0
320.38,399.75,2616.0,13643.0,0.18,0.35,-62.14,1.0,1.0,1.0
320.25,399.75,2600.0,13687.0,0.26,0.44,-62.14,1.0,1.0,1.0
320.75,400.75,2592.0,13729.0,0.31,0.48,-62.14,1.0,1.0,1.0
320.88,401.25,2592.0,13772.0,0.31,0.48,-62.14,1.0,1.0,1.0
321.12,401.75,2600.0,13815.0,0.31,0.48,-62.14,1.0,1.0,1.0
321.38,402.25,2600.0,13860.0,0.26,0.48,-62.14,1.0,1.0,1.0
321.38,402.75,2600.0,13903.0,0.26,0.44,-62.14,1.0,1.0,1.0
321.5,403.0,2592.0,13946.0,0.26,0.44,-62.23,1.0,1.0,1.0
321.38,403.0,2584.0,13991.0,0.22,0.4,-62.23,1.0,1.0,1.0
321.38,403.5,2584.0,14034.0,0.31,0.48,-62.23,1.0,1.0,1.0
321.5,403.75,2576.0,14077.0,0.26,0.44,-62.23,1.0,1.0,1.0
321.5,403.75,2576.0,14121.0,0.22,0.44,-62.23,1.0,1.0,1.0
321.25,404.0,2568.0,14165.0,0.26,0.44,-62.23,1.0,1.0,1.0
321.38,404.25,2568.0,14208.0,0.26,0.44,-62.23,1.0,1.0,1.0
322.12,405.5,2576.0,14250.0,0.26,0.44,-62.23,1.0,1.0,1.0
322.12,405.75,2584.0,14293.0,0.26,0.44,-62.23,1.0,1.0,1.0
322.0,406.0,2584.0,14337.0,0.26,0.4,-62.23,1.0,1.0,1.0
322.12,406.25,2600.0,14380.0,0.22,0.44,-62.23,1.0,1.0,1.0
322.38,406.75,2624.0,14423.0,0.26,0.48,-62.23,1.0,1.0,1.0
322.38,407.0,2648.0,14466.0,0.26,0.53,-62.23,1.0,1.0,1.0
322.38,407.25,2672.0,14510.0,0.26,0.48,-62.23,1.0,1.0,1.0
322.25,407.25,2688.0,14555.0,0.22,0.48,-62.31,1.0,1.0,1.0
322.12,407.5,2704.0,14601.0,0.22,0.48,-62.4,1.0,1.0,1.0
321.62,407.25,2704.0,14645.0,0.22,0.48,-62.4,1.0,1.0,1.0
321.38,407.25,2704.0,14691.0,0.22,0.48,-62.4,1.0,1.0,1.0
321.12,407.25,2696.0,14737.0,0.22,0.44,-62.49,1.0,1.0,1.0
321.12,407.5,2672.0,14782.0,0.18,0.4,-62.58,1.0,1.0,1.0
321.12,407.75,2656.0,14826.0,0.18,0.44,-62.58,1.0,1.0,1.0
320.25,407.25,2624.0,14871.0,0.22,0.44,-62.67,1.0,1.0,1.0
319.75,407.0,2592.0,14915.0,0.22,0.44,-62.67,1.0,1.0,1.0
319.12,406.5,2552.0,14959.0,0.22,0.4,-62.75,1.0,1.0,1.0
319.0,406.75,2512.0,15002.0,0.22,0.4,-62.84,1.0,1.0,1.0
319.0,407.0,2456.0,15045.0,0.18,0.4,-62.84,1.0,1.0,1.0
318.62,406.75,2400.0,15086.0,0.22,0.4,-62.84,1.0,1.0,1.0
318.5,407.0,2336.0,15127.0,0.18,0.35,-62.93,1.0,1.0,1.0
318.62,407.25,2280.0,15167.0,0.18,0.4,-62.93,1.0,1.0,1.0
318.5,407.25,2240.0,15204.0,0.22,0.4,-62.93,1.0,1.0,1.0
318.88,408.0,2192.0,15243.0,0.22,0.4,-62.93,1.0,1.0,1.0
318.75,408.0,2160.0,15279.0,0.26,0.44,-63.02,1.0,1.0,1.0
318.5,408.0,2144.0,15315.0,0.31,0.48,-63.02,1.0,1.0,1.0
318.62,408.25,2128.0,15352.0,0.35,0.48,-63.02,1.0,1.0,1.0
319.25,409.25,2136.0,15387.0,0.35,0.53,-63.02,1.0,1.0,1.0
319.75,410.0,2136.0,15422.0,0.31,0.53,-63.02,1.0,1.0,1.0
320.12,410.75,2152.0,15459.0,0.35,0.48,-63.02,1.0,1.0,1.0
320.25,411.0,2168.0,15496.0,0.35,0.48,-63.11,1.0,1.0,1.0
320.38,411.75,2192.0,15529.0,0.4,0.53,-63.02,1.0,1.0,1.0
319.88,411.5,2216.0,15568.0,0.35,0.53,-63.02,1.0,1.0,1.0
320.62,412.5,2240.0,15605.0,0.4,0.53,-63.02,1.0,1.0,1.0
320.75,413.0,2272.0,15641.0,0.35,0.53,-63.02,1.0,1.0,1.0
321.62,414.5,2296.0,15680.0,0.35,0.57,-63.02,1.0,1.0,1.0
322.38,415.5,2328.0,15719.0,0.31,0.57,-63.02,1.0,1.0,1.0
322.5,416.0,2352.0,15757.0,0.31,0.48,-63.02,1.0,1.0,1.0
322.62,416.25,2392.0,15798.0,0.26,0.44,-63.02,1.0,1.0,1.0
323.12,417.0,2416.0,15836.0,0.26,0.44,-63.02,1.0,1.0,1.0
323.5,417.75,2448.0,15877.0,0.35,0.48,-63.11,1.0,1.0,1.0
323.75,418.25,2480.0,15917.0,0.26,0.48,-63.11,1.0,1.0,1.0
323.38,418.5,2520.0,15957.0,0.31,0.48,-63.11,1.0,1.0,1.0
323.38,418.5,2568.0,16000.0,0.35,0.48,-63.11,1.0,1.0,1.0
322.88,418.25,2600.0,16045.0,0.26,0.48,-63.11,1.0,1.0,1.0
322.75,418.25,2632.0,16087.0,0.31,0.48,-63.19,1.0,1.0,1.0
322.25,418.0,2656.0,16132.0,0.26,0.44,-63.19,1.0,1.0,1.0
321.38,417.25,2656.0,16178.0,0.22,0.4,-63.19,1.0,1.0,1.0
321.12,417.25,2640.0,16223.0,0.22,0.35,-63.19,1.0,1.0,1.0
320.75,417.0,2608.0,16268.0,0.13,0.31,-63.19,1.0,1.0,1.0
320.75,417.25,2560.0,16312.0,0.13,0.31,-63.19,1.0,1.0,1.0
320.62,417.25,2520.0,16353.0,0.13,0.31,-63.19,1.0,1.0,1.0
320.5,417.5,2472.0,16396.0,0.13,0.31,-63.19,1.0,1.0,1.0
320.12,417.25,2432.0,16437.0,0.13,0.31,-63.19,1.0,1.0,1.0
320.12,417.5,2376.0,16478.0,0.13,0.31,-63.19,1.0,1.0,1.0
319.88,417.25,2336.0,16518.0,0.18,0.35,-63.19,1.0,1.0,1.0
319.75,417.5,2296.0,16557.0,0.22,0.35,-63.19,1.0,1.0,1.0
319.88,418.0,2272.0,16596.0,0.22,0.4,-63.19,1.0,1.0,1.0
320.0,418.25,2256.0,16632.0,0.26,0.44,-63.19,1.0,1.0,1.0
320.12,418.5,2256.0,16670.0,0.26,0.44,-63.19,1.0,1.0,1.0
320.38,419.25,2240.0,16709.0,0.22,0.4,-63.19,1.0,1.0,1.0
320.62,419.75,2232.0,16745.0,0.22,0.44,-63.19,1.0,1.0,1.0
320.75,420.25,2232.0,16782.0,0.26,0.48,-63.28,1.0,1.0,1.0
320.88,420.5,2240.0,16820.0,0.26,0.44,-63.28,1.0,1.0,1.0
320.88,420.75,2232.0,16858.0,0.26,0.4,-63.28,1.0,1.0,1.0
320.88,421.0,2232.0,16895.0,0.22,0.4,-63.28,1.0,1.0,1.0
321.38,422.0,2240.0,16932.0,0.26,0.44,-63.28,1.0,1.0,1.0
321.25,422.0,2256.0,16969.0,0.26,0.44,-63.28,1.0,1.0,1.0
321.38,422.25,2256.0,17008.0,0.22,0.44,-63.28,1.0,1.0,1.0
320.88,422.0,2256.0,17046.0,0.26,0.44,-63.28,1.0,1.0,1.0
320.88,422.5,2264.0,17084.0,0.26,0.48,-63.28,1.0,1.0,1.0
321.0,422.75,2272.0,17122.0,0.26,0.44,-63.28,1.0,1.0,1.0
321.25,423.25,2280.0,17159.0,0.26,0.48,-63.37,1.0,1.0,1.0
321.5,423.75,2296.0,17198.0,0.26,0.44,-63.37,1.0,1.0,1.0
321.38,424.25,2304.0,17236.0,0.22,0.4,-63.37,1.0,1.0,1.0
321.62,424.5,2304.0,17274.0,0.26,0.4,-63.37,1.0,1.0,1.0
321.75,425.0,2312.0,17313.0,0.22,0.4,-63.37,1.0,1.0,1.0
321.88,425.5,2312.0,17352.0,0.18,0.4,-63.46,1.0,1.0,1.0
322.0,425.75,2312.0,17391.0,0.22,0.4,-63.46,1.0,1.0,1.0
322.38,426.5,2320.0,17430.0,0.18,0.4,-63.46,1.0,1.0,1.0
322.62,427.0,2336.0,17468.0,0.22,0.44,-63.46,1.0,1.0,1.0
322.75,427.25,2360.0,17507.0,0.26,0.44,-63.54,1.0,1.0,1.0
322.62,427.5,2384.0,17547.0,0.22,0.44,-63.54,1.0,1.0,1.0
322.62,427.75,2416.0,17585.0,0.26,0.48,-63.54,1.0,1.0,1.0
322.62,428.0,2440.0,17626.0,0.26,0.44,-63.54,1.0,1.0,1.0
322.12,427.75,2464.0,17667.0,0.26,0.44,-63.63,1.0,1.0,1.0
321.88,427.75,2480.0,17708.0,0.26,0.4,-63.63,1.0,1.0,1.0
321.88,428.0,2480.0,17750.0,0.22,0.35,-63.63,1.0,1.0,1.0
322.0,428.5,2480.0,17790.0,0.22,0.4,-63.63,1.0,1.0,1.0
321.75,428.25,2480.0,17833.0,0.22,0.35,-63.63,1.0,1.0,1.0
321.62,428.5,2472.0,17872.0,0.18,0.35,-63.54,1.0,1.0,1.0
321.5,428.5,2456.0,17915.0,0.18,0.31,-63.54,1.0,1.0,1.0
321.5,428.75,2432.0,17956.0,0.13,0.26,-63.54,1.0,1.0,1.0
321.62,429.0,2408.0,17996.0,0.18,0.31,-63.54,1.0,1.0,1.0
322.12,430.0,2400.0,18035.0,0.13,0.35,-63.54,1.0,1.0,1.0
321.88,429.75,2392.0,18076.0,0.18,0.35,-63.54,1.0,1.0,1.0
321.88,430.25,2392.0,18116.0,0.22,0.35,-63.54,1.0,1.0,1.0
321.75,430.25,2384.0,18154.0,0.22,0.35,-63.46,1.0,1.0,1.0
321.5,430.25,2384.0,18194.0,0.22,0.35,-63.46,1.0,1.0,1.0
321.38,430.25,2384.0,18234.0,0.22,0.4,-63.46,1.0,1.0,1.0
321.25,430.25,2384.0,18274.0,0.22,0.4,-63.37,1.0,1.0,1.0
321.12,430.25,2384.0,18315.0,0.22,0.4,-63.37,1.0,1.0,1.0
320.88,430.25,2376.0,18353.0,0.22,0.4,-63.37,1.0,1.0,1.0
320.88,430.5,2360.0,18394.0,0.18,0.35,-63.37,1.0,1.0,1.0
320.88,430.5,2352.0,18432.0,0.22,0.35,-63.28,1.0,1.0,1.0
320.62,430.75,2336.0,18473.0,0.18,0.35,-63.28,1.0,1.0,1.0
320.38,430.5,2312.0,18511.0,0.18,0.31,-63.28,1.0,1.0,1.0
320.12,430.5,2296.0,18551.0,0.22,0.35,-63.19,1.0,1.0,1.0
320.12,430.75,2280.0,18589.0,0.22,0.4,-63.19,1.0,1.0,1.0
320.12,431.0,2272.0,18628.0,0.22,0.4,-63.19,1.0,1.0,1.0
320.12,431.25,2264.0,18664.0,0.22,0.44,-63.19,1.0,1.0,1.0
319.88,431.25,2248.0,18703.0,0.22,0.4,-63.19,1.0,1.0,1.0
319.5,431.0,2232.0,18741.0,0.18,0.44,-63.19,1.0,1.0,1.0
319.38,431.0,2216.0,18779.0,0.22,0.4,-63.19,1.0,1.0,1.0
319.25,431.25,2192.0,18817.0,0.18,0.35,-63.19,1.0,1.0,1.0
319.25,431.5,2160.0,18853.0,0.22,0.4,-63.19,1.0,1.0,1.0
319.25,431.5,2136.0,18888.0,0.18,0.35,-63.19,1.0,1.0,1.0
319.0,431.5,2104.0,18925.0,0.22,0.4,-63.19,1.0,1.0,1.0
319.0,431.75,2088.0,18960.0,0.26,0.44,-63.19,1.0,1.0,1.0
318.62,431.5,2080.0,18995.0,0.26,0.44,-63.19,1.0,1.0,1.0
318.5,431.75,2064.0,19030.0,0.26,0.44,-63.19,1.0,1.0,1.0
318.62,432.0,2040.0,19066.0,0.22,0.4,-63.19,1.0,1.0,1.0
318.75,432.25,2024.0,19099.0,0.26,0.44,-63.19,1.0,1.0,1.0
318.75,432.5,2016.0,19132.0,0.26,0.44,-63.11,1.0,1.0,1.0
318.62,432.5,2000.0,19166.0,0.31,0.44,-63.11,1.0,1.0,1.0
318.38,432.5,1992.0,19200.0,0.35,0.48,-63.11,1.0,1.0,1.0
317.75,432.0,1992.0,19234.0,0.35,0.48,-63.11,1.0,1.0,1.0
317.5,432.0,1976.0,19268.0,0.31,0.48,-63.11,1.0,1.0,1.0
317.25,432.0,1952.0,19300.0,0.31,0.44,-63.11,1.0,1.0,1.0
317.12,432.0,1936.0,19334.0,0.31,0.48,-63.02,1.0,1.0,1.0
317.0,432.25,1912.0,19366.0,0.31,0.48,-63.02,1.0,1.0,1.0
317.12,432.5,1896.0,19398.0,0.31,0.53,-63.02,1.0,1.0,1.0
317.12,432.5,1864.0,19430.0,0.22,0.44,-63.02,1.0,1.0,1.0
317.62,433.5,1816.0,19462.0,0.09,0.31,-63.02,1.0,1.0,1.0
317.62,433.75,1760.0,19494.0,0.13,0.31,-63.02,1.0,1.0,1.0
317.75,434.0,1744.0,19522.0,0.26,0.44,-63.02,1.0,1.0,1.0
317.75,434.25,1736.0,19550.0,0.31,0.48,-63.02,1.0,1.0,1.0
318.25,435.25,1736.0,19579.0,0.26,0.44,-63.02,1.0,1.0,1.0
318.38,435.5,1728.0,19610.0,0.26,0.44,-63.02,1.0,1.0,1.0
318.62,435.75,1752.0,19638.0,0.44,0.57,-63.02,1.0,1.0,1.0
318.75,436.25,1792.0,19667.0,0.44,0.57,-63.02,1.0,1.0,1.0
319.12,437.0,1824.0,19697.0,0.4,0.53,-63.02,1.0,1.0,1.0
319.38,437.75,1848.0,19727.0,0.31,0.44,-63.02,1.0,1.0,1.0
319.62,438.25,1880.0,19757.0,0.35,0.48,-63.02,1.0,1.0,1.0
320.12,439.0,1920.0,19790.0,0.31,0.48,-62.93,1.0,1.0,1.0
320.38,439.5,1968.0,19821.0,0.4,0.62,-62.93,1.0,1.0,1.0
320.38,439.75,2016.0,19853.0,0.31,0.48,-62.93,1.0,1.0,1.0
319.88,439.5,2048.0,19887.0,0.35,0.53,-62.93,1.0,1.0,1.0
320.25,440.0,2080.0,19922.0,0.35,0.53,-62.93,1.0,1.0,1.0
320.38,440.5,2104.0,19956.0,0.31,0.44,-62.93,1.0,1.0,1.0
320.12,440.5,2112.0,19992.0,0.26,0.44,-62.93,1.0,1.0,1.0
320.0,440.5,2112.0,20027.0,0.22,0.4,-62.93,1.0,1.0,1.0
320.62,441.5,2112.0,20062.0,0.26,0.4,-62.93,1.0,1.0,1.0
320.38,441.5,2120.0,20097.0,0.26,0.44,-62.93,1.0,1.0,1.0
320.5,441.75,2136.0,20131.0,0.26,0.44,-62.93,1.0,1.0,1.0
320.88,442.5,2144.0,20168.0,0.18,0.4,-62.93,1.0,1.0,1.0
320.62,442.25,2136.0,20203.0,0.13,0.31,-63.02,1.0,1.0,1.0
320.62,442.5,2128.0,20240.0,0.18,0.35,-63.02,1.0,1.0,1.0
319.75,441.75,2112.0,20274.0,0.09,0.31,-63.02,1.0,1.0,1.0
319.38,441.5,2104.0,20310.0,0.22,0.4,-63.02,1.0,1.0,1.0
319.0,441.25,2088.0,20345.0,0.22,0.35,-63.02,1.0,1.0,1.0
319.25,441.75,2080.0,20379.0,0.22,0.35,-62.93,1.0,1.0,1.0
319.12,441.75,2064.0,20413.0,0.22,0.35,-62.93,1.0,1.0,1.0
319.25,442.0,2048.0,20449.0,0.26,0.4,-62.93,1.0,1.0,1.0
319.25,442.5,2032.0,20483.0,0.18,0.35,-62.93,1.0,1.0,1.0
319.25,442.5,2016.0,20517.0,0.22,0.35,-62.84,1.0,1.0,1.0
319.5,443.0,2000.0,20551.0,0.22,0.4,-62.84,1.0,1.0,1.0
319.38,443.0,1992.0,20583.0,0.22,0.4,-62.84,1.0,1.0,1.0
319.25,443.25,1984.0,20617.0,0.22,0.35,-62.84,1.0,1.0,1.0
319.12,443.25,1976.0,20649.0,0.22,0.4,-62.84,1.0,1.0,1.0
319.25,443.75,1960.0,20684.0,0.09,0.31,-62.84,1.0,1.0,1.0
319.62,444.25,1944.0,20716.0,0.13,0.31,-62.84,1.0,1.0,1.0
319.38,444.25,1944.0,20747.0,0.35,0.48,-62.84,1.0,1.0,1.0
319.0,444.0,1968.0,20778.0,0.4,0.57,-62.84,1.0,1.0,1.0
319.12,444.25,1976.0,20812.0,0.22,0.31,-62.84,1.0,1.0,1.0
318.38,443.5,1952.0,20846.0,0.18,0.31,-62.84,1.0,1.0,1.0
318.38,443.75,1928.0,20877.0,0.31,0.4,-62.84,1.0,1.0,1.0
318.62,444.5,1936.0,20909.0,0.35,0.48,-62.75,1.0,1.0,1.0
318.38,444.25,1936.0,20941.0,0.35,0.44,-62.67,1.0,1.0,1.0
318.38,444.5,1928.0,20974.0,0.22,0.4,-62.67,1.0,1.0,1.0
318.25,444.5,1904.0,21007.0,0.18,0.35,-62.58,1.0,1.0,1.0
318.75,445.5,1880.0,21039.0,0.18,0.31,-62.58,1.0,1.0,1.0
319.0,445.75,1864.0,21069.0,0.22,0.35,-62.58,1.0,1.0,1.0
318.75,445.75,1848.0,21101.0,0.22,0.35,-62.49,1.0,1.0,1.0
318.88,446.25,1840.0,21132.0,0.22,0.35,-62.49,1.0,1.0,1.0
319.12,446.75,1824.0,21164.0,0.18,0.35,-62.49,1.0,1.0,1.0
319.5,447.25,1824.0,21193.0,0.22,0.35,-62.4,1.0,1.0,1.0
320.0,448.25,1832.0,21223.0,0.18,0.35,-62.4,1.0,1.0,1.0
320.62,449.25,1848.0,21255.0,0.22,0.35,-62.31,1.0,1.0,1.0
321.12,450.0,1888.0,21285.0,0.31,0.48,-62.31,1.0,1.0,1.0
321.25,450.5,1912.0,21316.0,0.22,0.4,-62.31,1.0,1.0,1.0
321.38,450.75,1944.0,21349.0,0.22,0.4,-62.4,1.0,1.0,1.0
321.38,451.0,1976.0,21382.0,0.22,0.4,-62.4,1.0,1.0,1.0
321.25,451.0,2000.0,21415.0,0.18,0.35,-62.4,1.0,1.0,1.0
321.38,451.5,2024.0,21449.0,0.18,0.35,-62.31,1.0,1.0,1.0
321.25,451.5,2040.0,21483.0,0.18,0.35,-62.31,1.0,1.0,1.0
321.0,451.25,2056.0,21519.0,0.22,0.4,-62.31,1.0,1.0,1.0
320.75,451.25,2080.0,21552.0,0.26,0.4,-62.31,1.0,1.0,1.0
320.62,451.25,2088.0,21587.0,0.18,0.35,-62.31,1.0,1.0,1.0
320.5,451.5,2088.0,21623.0,0.22,0.35,-62.31,1.0,1.0,1.0
320.0,451.0,2096.0,21657.0,0.18,0.31,-62.31,1.0,1.0,1.0
320.12,451.25,2096.0,21691.0,0.18,0.31,-62.31,1.0,1.0,1.0
320.12,451.5,2080.0,21727.0,0.18,0.31,-62.31,1.0,1.0,1.0
320.12,451.75,2072.0,21761.0,0.13,0.31,-62.31,1.0,1.0,1.0
320.0,451.75,2048.0,21796.0,0.13,0.22,-62.23,1.0,1.0,1.0
320.12,452.0,2032.0,21830.0,0.13,0.26,-62.23,1.0,1.0,1.0
320.12,452.5,2016.0,21864.0,0.18,0.26,-62.23,1.0,1.0,1.0
320.12,452.5,2008.0,21898.0,0.13,0.31,-62.23,1.0,1.0,1.0
320.0,452.5,1992.0,21932.0,0.13,0.31,-62.23,1.0,1.0,1.0
319.75,452.5,1984.0,21965.0,0.13,0.31,-62.23,1.0,1.0,1.0
319.88,452.75,1976.0,21998.0,0.22,0.35,-62.23,1.0,1.0,1.0
319.75,453.0,1976.0,22031.0,0.18,0.31,-62.23,1.0,1.0,1.0
320.12,453.75,1976.0,22064.0,0.18,0.31,-62.23,1.0,1.0,1.0
320.5,454.25,1984.0,22096.0,0.18,0.35,-62.14,1.0,1.0,1.0
321.0,455.25,1984.0,22129.0,0.18,0.31,-62.14,1.0,1.0,1.0
321.12,455.75,1992.0,22161.0,0.18,0.31,-62.14,1.0,1.0,1.0
321.38,456.5,1992.0,22195.0,0.18,0.26,-62.14,1.0,1.0,1.0
321.5,457.0,1992.0,22229.0,0.13,0.26,-62.14,1.0,1.0,1.0
321.88,457.5,1992.0,22262.0,0.09,0.26,-62.14,1.0,1.0,1.0
321.75,457.75,2000.0,22295.0,0.13,0.26,-62.14,1.0,1.0,1.0
322.0,458.25,2016.0,22327.0,0.13,0.35,-62.05,1.0,1.0,1.0
321.75,458.0,2032.0,22360.0,0.18,0.31,-62.05,1.0,1.0,1.0
321.38,458.0,2048.0,22395.0,0.18,0.31,-62.05,1.0,1.0,1.0
321.25,458.0,2056.0,22430.0,0.18,0.35,-62.05,1.0,1.0,1.0
320.75,457.25,2056.0,22463.0,0.18,0.31,-62.05,1.0,1.0,1.0
320.5,457.5,2048.0,22499.0,0.13,0.26,-62.05,1.0,1.0,1.0
319.75,456.75,2016.0,22532.0,0.13,0.26,-62.05,1.0,1.0,1.0
319.12,456.0,1984.0,22566.0,0.13,0.26,-62.05,1.0,1.0,1.0
318.88,456.0,1952.0,22597.0,0.13,0.26,-61.96,1.0,1.0,1.0
318.62,456.0,1904.0,22631.0,0.13,0.26,-61.96,1.0,1.0,1.0
318.0,455.25,1840.0,22663.0,0.04,0.18,-61.96,1.0,1.0,1.0
318.25,456.0,1784.0,22693.0,0.13,0.22,-61.88,1.0,1.0,1.0
318.25,456.25,1736.0,22723.0,0.13,0.22,-61.88,1.0,1.0,1.0
318.0,456.0,1688.0,22753.0,0.09,0.26,-61.88,1.0,1.0,1.0
318.12,456.5,1640.0,22780.0,0.09,0.22,-61.79,1.0,1.0,1.0
318.38,457.0,1600.0,22808.0,0.13,0.26,-61.79,1.0,1.0,1.0
318.5,457.5,1576.0,22834.0,0.13,0.31,-61.79,1.0,1.0,1.0
318.25,457.25,1552.0,22861.0,0.18,0.31,-61.7,1.0,1.0,1.0
318.25,457.5,1536.0,22887.0,0.18,0.35,-61.7,1.0,1.0,1.0
318.62,458.25,1520.0,22914.0,0.18,0.35,-61.7,1.0,1.0,1.0
319.0,458.75,1520.0,22939.0,0.18,0.35,-61.61,1.0,1.0,1.0
318.75,458.75,1512.0,22964.0,0.18,0.31,-61.61,1.0,1.0,1.0
318.88,459.0,1512.0,22988.0,0.22,0.35,-61.61,1.0,1.0,1.0
318.75,459.25,1520.0,23016.0,0.22,0.4,-61.61,1.0,1.0,1.0
318.62,459.25,1528.0,23041.0,0.26,0.4,-61.61,1.0,1.0,1.0
318.62,459.5,1544.0,23068.0,0.26,0.4,-61.61,1.0,1.0,1.0
318.62,459.5,1552.0,23094.0,0.26,0.4,-61.61,1.0,1.0,1.0
318.5,459.5,1568.0,23120.0,0.26,0.44,-61.61,1.0,1.0,1.0
318.62,460.0,1592.0,23146.0,0.31,0.44,-61.52,1.0,1.0,1.0
318.5,459.75,1600.0,23173.0,0.26,0.4,-61.52,1.0,1.0,1.0
318.38,459.75,1608.0,23201.0,0.22,0.35,-61.52,1.0,1.0,1.0
318.38,460.0,1616.0,23228.0,0.26,0.4,-61.52,1.0,1.0,1.0
318.0,460.0,1608.0,23254.0,0.26,0.35,-61.52,1.0,1.0,1.0
317.62,459.5,1600.0,23283.0,0.22,0.4,-61.52,1.0,1.0,1.0
317.62,459.75,1592.0,23307.0,0.26,0.4,-61.44,1.0,1.0,1.0
317.25,459.5,1576.0,23336.0,0.22,0.35,-61.44,1.0,1.0,1.0
317.12,459.5,1552.0,23364.0,0.13,0.35,-61.44,1.0,1.0,1.0
316.75,459.5,1512.0,23389.0,0.18,0.31,-61.44,1.0,1.0,1.0
316.25,459.0,1472.0,23415.0,0.18,0.31,-61.44,1.0,1.0,1.0
316.38,459.25,1432.0,23438.0,0.18,0.35,-61.35,1.0,1.0,1.0
316.75,459.75,1384.0,23463.0,0.13,0.31,-61.35,1.0,1.0,1.0
317.0,460.25,1328.0,23488.0,0.09,0.26,-61.35,1.0,1.0,1.0
316.88,460.25,1288.0,23508.0,0.18,0.31,-61.35,1.0,1.0,1.0
316.88,460.5,1256.0,23530.0,0.13,0.31,-61.35,1.0,1.0,1.0
317.12,460.75,1232.0,23551.0,0.18,0.35,-61.35,1.0,1.0,1.0
317.12,461.0,1224.0,23571.0,0.22,0.35,-61.35,1.0,1.0,1.0
317.12,461.0,1216.0,23592.0,0.22,0.35,-61.35,1.0,1.0,1.0
317.25,461.75,1216.0,23613.0,0.22,0.35,-61.35,1.0,1.0,1.0
318.25,463.0,1224.0,23634.0,0.22,0.35,-61.26,1.0,1.0,1.0
318.5,463.5,1248.0,23653.0,0.22,0.35,-61.26,1.0,1.0,1.0
318.62,463.75,1280.0,23672.0,0.26,0.44,-61.26,1.0,1.0,1.0
319.0,464.5,1320.0,23694.0,0.31,0.44,-61.26,1.0,1.0,1.0
319.12,464.75,1368.0,23717.0,0.31,0.44,-61.26,1.0,1.0,1.0
319.25,465.25,1424.0,23739.0,0.31,0.44,-61.26,1.0,1.0,1.0
319.38,465.5,1472.0,23764.0,0.31,0.44,-61.26,1.0,1.0,1.0
319.5,466.0,1520.0,23788.0,0.26,0.44,-61.26,1.0,1.0,1.0
319.75,466.5,1568.0,23814.0,0.26,0.44,-61.26,1.0,1.0,1.0
320.12,467.0,1624.0,23841.0,0.26,0.4,-61.26,1.0,1.0,1.0
320.25,467.25,1672.0,23866.0,0.26,0.44,-61.26,1.0,1.0,1.0
320.0,467.25,1720.0,23894.0,0.26,0.44,-61.26,1.0,1.0,1.0
320.0,467.5,1768.0,23923.0,0.26,0.4,-61.26,1.0,1.0,1.0
319.88,467.75,1808.0,23954.0,0.22,0.44,-61.26,1.0,1.0,1.0
319.88,467.75,1824.0,23983.0,0.13,0.35,-61.26,1.0,1.0,1.0
319.88,468.0,1824.0,24013.0,0.04,0.26,-61.26,1.0,1.0,1.0
319.62,467.75,1824.0,24044.0,0.13,0.35,-61.26,1.0,1.0,1.0
319.38,467.75,1824.0,24074.0,0.22,0.26,-61.35,1.0,1.0,1.0
319.25,467.75,1800.0,24105.0,0.09,0.22,-61.35,1.0,1.0,1.0
319.25,468.0,1800.0,24133.0,0.13,0.31,-61.35,1.0,1.0,1.0
319.0,467.75,1784.0,24163.0,0.22,0.26,-61.35,1.0,1.0,1.0
319.38,468.5,1760.0,24193.0,0.0,0.18,-61.35,1.0,1.0,1.0
318.88,468.0,1736.0,24220.0,0.04,0.22,-61.35,1.0,1.0,1.0
318.75,468.0,1720.0,24251.0,0.09,0.22,-61.35,1.0,1.0,1.0
319.25,468.75,1704.0,24278.0,0.09,0.22,-61.35,1.0,1.0,1.0
320.0,469.75,1680.0,24306.0,0.04,0.22,-61.35,1.0,1.0,1.0
319.62,469.25,1664.0,24334.0,0.04,0.18,-61.35,1.0,1.0,1.0
319.25,469.25,1672.0,24361.0,0.13,0.31,-61.35,1.0,1.0,1.0
319.12,469.25,1648.0,24391.0,0.0,0.22,-61.44,1.0,1.0,1.0
319.25,469.5,1640.0,24417.0,0.13,0.26,-61.44,1.0,1.0,1.0
319.12,469.5,1656.0,24443.0,0.18,0.31,-61.44,1.0,1.0,1.0
319.0,469.5,1656.0,24471.0,0.13,0.26,-61.44,1.0,1.0,1.0
318.75,469.25,1664.0,24497.0,0.18,0.31,-61.44,1.0,1.0,1.0
318.75,469.5,1672.0,24526.0,0.18,0.31,-61.44,1.0,1.0,1.0
318.75,469.5,1680.0,24553.0,0.18,0.31,-61.44,1.0,1.0,1.0
318.5,469.5,1688.0,24581.0,0.18,0.31,-61.44,1.0,1.0,1.0
318.38,469.75,1688.0,24608.0,0.18,0.31,-61.44,1.0,1.0,1.0
318.0,469.25,1680.0,24637.0,0.13,0.26,-61.44,1.0,1.0,1.0
317.75,469.25,1656.0,24667.0,0.04,0.22,-61.35,1.0,1.0,1.0
317.62,469.25,1616.0,24692.0,0.09,0.22,-61.44,1.0,1.0,1.0
317.62,469.5,1576.0,24720.0,0.09,0.26,-61.44,1.0,1.0,1.0
317.75,469.5,1536.0,24746.0,0.04,0.22,-61.44,1.0,1.0,1.0
318.0,470.25,1496.0,24772.0,0.04,0.22,-61.44,1.0,1.0,1.0
318.25,470.75,1456.0,24797.0,0.0,0.22,-61.44,1.0,1.0,1.0
318.25,470.75,1416.0,24822.0,0.0,0.18,-61.44,1.0,1.0,1.0
318.25,471.0,1376.0,24844.0,-0.04,0.18,-61.44,1.0,1.0,1.0
318.38,471.25,1344.0,24867.0,0.13,0.26,-61.44,1.0,1.0,1.0
318.25,471.25,1320.0,24890.0,0.0,0.13,-61.44,1.0,1.0,1.0
318.62,471.75,1320.0,24912.0,0.22,0.31,-61.44,1.0,1.0,1.0
318.75,472.25,1336.0,24934.0,0.18,0.35,-61.44,1.0,1.0,1.0
319.38,473.25,1344.0,24958.0,0.09,0.26,-61.44,1.0,1.0,1.0
319.25,473.25,1352.0,24978.0,0.04,0.26,-61.44,1.0,1.0,1.0
318.75,472.75,1352.0,25003.0,0.18,0.31,-61.44,1.0,1.0,1.0
318.75,473.0,1376.0,25024.0,0.18,0.4,-61.44,1.0,1.0,1.0
318.38,472.75,1408.0,25047.0,0.22,0.4,-61.44,1.0,1.0,1.0
318.75,473.25,1432.0,25071.0,0.22,0.4,-61.44,1.0,1.0,1.0
318.75,473.25,1456.0,25095.0,0.13,0.35,-61.44,1.0,1.0,1.0
318.5,473.25,1472.0,25120.0,0.22,0.35,-61.52,1.0,1.0,1.0
318.62,473.75,1496.0,25143.0,0.18,0.35,-61.52,1.0,1.0,1.0
318.88,474.0,1520.0,25168.0,0.18,0.35,-61.52,1.0,1.0,1.0
319.12,474.5,1528.0,25194.0,0.13,0.26,-61.52,1.0,1.0,1.0
318.38,473.75,1512.0,25222.0,0.09,0.22,-61.52,1.0,1.0,1.0
318.5,474.0,1520.0,25245.0,0.13,0.26,-61.52,1.0,1.0,1.0
318.62,474.5,1520.0,25272.0,0.13,0.26,-61.44,1.0,1.0,1.0
318.75,474.75,1528.0,25298.0,0.04,0.26,-61.44,1.0,1.0,1.0
319.12,475.25,1512.0,25322.0,0.04,0.18,-61.44,1.0,1.0,1.0
319.0,475.5,1504.0,25347.0,0.0,0.22,-61.44,1.0,1.0,1.0
318.75,475.25,1496.0,25372.0,0.04,0.26,-61.44,1.0,1.0,1.0
319.0,475.75,1496.0,25399.0,0.09,0.22,-61.44,1.0,1.0,1.0
319.5,476.5,1496.0,25423.0,0.04,0.22,-61.44,1.0,1.0,1.0
319.75,477.0,1504.0,25449.0,0.09,0.26,-61.44,1.0,1.0,1.0
319.75,477.5,1512.0,25475.0,0.09,0.26,-61.44,1.0,1.0,1.0
320.0,477.75,1528.0,25498.0,0.04,0.26,-61.52,1.0,1.0,1.0
320.12,478.25,1544.0,25524.0,0.04,0.22,-61.52,1.0,1.0,1.0
320.12,478.5,1552.0,25551.0,0.04,0.22,-61.52,1.0,1.0,1.0
320.38,479.0,1568.0,25575.0,0.04,0.22,-61.52,1.0,1.0,1.0
320.38,479.25,1592.0,25601.0,0.13,0.31,-61.52,1.0,1.0,1.0
320.5,479.5,1624.0,25627.0,0.09,0.26,-61.52,1.0,1.0,1.0
320.5,480.0,1648.0,25656.0,0.04,0.22,-61.52,1.0,1.0,1.0
320.5,480.0,1664.0,25682.0,0.0,0.22,-61.61,1.0,1.0,1.0
320.62,480.5,1672.0,25712.0,-0.04,0.22,-61.61,1.0,1.0,1.0
320.75,480.75,1680.0,25738.0,-0.04,0.18,-61.61,1.0,1.0,1.0
320.75,481.0,1680.0,25767.0,0.0,0.22,-61.61,1.0,1.0,1.0
320.12,480.5,1680.0,25793.0,0.0,0.18,-61.61,1.0,1.0,1.0
319.75,480.0,1672.0,25822.0,-0.04,0.18,-61.61,1.0,1.0,1.0
319.75,480.5,1656.0,25850.0,-0.04,0.18,-61.7,1.0,1.0,1.0
319.75,480.5,1632.0,25878.0,-0.04,0.13,-61.7,1.0,1.0,1.0
319.5,480.5,1616.0,25903.0,-0.04,0.13,-61.7,1.0,1.0,1.0
319.75,481.0,1592.0,25930.0,-0.04,0.13,-61.7,1.0,1.0,1.0
319.75,481.25,1576.0,25957.0,-0.04,0.13,-61.7,1.0,1.0,1.0
320.12,481.75,1560.0,25982.0,-0.04,0.09,-61.7,1.0,1.0,1.0
320.25,482.25,1536.0,26009.0,-0.09,0.09,-61.7,1.0,1.0,1.0
320.38,482.75,1520.0,26033.0,-0.09,0.09,-61.7,1.0,1.0,1.0
320.38,482.75,1496.0,26059.0,-0.09,0.13,-61.7,1.0,1.0,1.0
320.25,483.0,1480.0,26083.0,-0.09,0.13,-61.7,1.0,1.0,1.0
320.38,483.25,1472.0,26108.0,-0.04,0.13,-61.7,1.0,1.0,1.0
320.25,483.25,1456.0,26134.0,-0.04,0.13,-61.7,1.0,1.0,1.0
320.12,483.25,1456.0,26158.0,-0.04,0.13,-61.7,1.0,1.0,1.0
319.62,482.75,1456.0,26182.0,-0.04,0.13,-61.7,1.0,1.0,1.0
319.62,483.25,1448.0,26205.0,0.0,0.13,-61.7,1.0,1.0,1.0
319.75,483.5,1448.0,26232.0,-0.04,0.13,-61.7,1.0,1.0,1.0
319.75,483.5,1440.0,26256.0,-0.04,0.13,-61.7,1.0,1.0,1.0
319.88,484.0,1432.0,26280.0,-0.04,0.13,-61.7,1.0,1.0,1.0
319.88,484.0,1424.0,26304.0,-0.04,0.13,-61.7,1.0,1.0,1.0
319.88,484.25,1408.0,26329.0,-0.04,0.13,-61.61,1.0,1.0,1.0
319.88,484.25,1408.0,26351.0,-0.04,0.13,-61.61,1.0,1.0,1.0
319.75,484.5,1400.0,26374.0,-0.04,0.18,-61.7,1.0,1.0,1.0
319.75,484.5,1400.0,26398.0,-0.04,0.13,-61.7,1.0,1.0,1.0
320.0,485.0,1392.0,26422.0,-0.04,0.13,-61.7,1.0,1.0,1.0
320.5,485.75,1400.0,26445.0,0.04,0.13,-61.7,1.0,1.0,1.0
320.62,486.0,1416.0,26468.0,-0.04,0.13,-61.7,1.0,1.0,1.0
321.0,486.75,1440.0,26492.0,-0.04,0.13,-61.7,1.0,1.0,1.0
321.0,487.0,1464.0,26514.0,0.04,0.18,-61.7,1.0,1.0,1.0
321.38,487.5,1496.0,26541.0,0.0,0.13,-61.7,1.0,1.0,1.0
321.25,487.5,1528.0,26565.0,0.0,0.09,-61.7,1.0,1.0,1.0
321.25,487.75,1552.0,26590.0,0.0,0.13,-61.61,1.0,1.0,1.0
321.25,488.0,1576.0,26616.0,0.04,0.13,-61.61,1.0,1.0,1.0
321.38,488.25,1600.0,26643.0,0.04,0.13,-61.61,1.0,1.0,1.0
321.38,488.5,1632.0,26668.0,0.04,0.18,-61.61,1.0,1.0,1.0
321.25,488.5,1664.0,26697.0,0.04,0.18,-61.52,1.0,1.0,1.0
320.88,488.25,1688.0,26725.0,-0.04,0.13,-61.52,1.0,1.0,1.0
320.62,488.0,1704.0,26753.0,-0.04,0.13,-61.52,1.0,1.0,1.0
320.75,488.5,1712.0,26781.0,-0.04,0.13,-61.52,1.0,1.0,1.0
320.5,488.5,1720.0,26810.0,-0.09,0.09,-61.52,1.0,1.0,1.0
320.62,488.5,1728.0,26839.0,-0.09,0.09,-61.52,1.0,1.0,1.0
320.62,489.0,1720.0,26867.0,-0.09,0.09,-61.52,1.0,1.0,1.0
320.75,489.25,1720.0,26895.0,-0.09,0.09,-61.52,1.0,1.0,1.0
320.88,489.75,1712.0,26924.0,-0.18,0.09,-61.52,1.0,1.0,1.0
321.0,490.0,1704.0,26952.0,-0.18,0.04,-61.52,1.0,1.0,1.0
320.62,490.0,1688.0,26981.0,-0.18,0.04,-61.52,1.0,1.0,1.0
320.88,490.5,1672.0,27009.0,-0.18,0.09,-61.52,1.0,1.0,1.0
320.75,490.5,1656.0,27037.0,-0.18,0.04,-61.52,1.0,1.0,1.0
320.62,490.5,1640.0,27063.0,-0.18,0.04,-61.52,1.0,1.0,1.0
320.38,490.75,1616.0,27092.0,-0.13,0.04,-61.61,1.0,1.0,1.0
320.25,490.75,1592.0,27118.0,-0.18,0.04,-61.61,1.0,1.0,1.0
320.0,490.5,1568.0,27144.0,-0.18,0.04,-61.61,1.0,1.0,1.0
320.12,491.0,1536.0,27174.0,-0.22,0.0,-61.61,1.0,1.0,1.0
320.0,491.0,1496.0,27197.0,-0.22,-0.04,-61.61,1.0,1.0,1.0
320.0,491.25,1448.0,27222.0,-0.22,-0.04,-61.61,1.0,1.0,1.0
319.88,491.25,1408.0,27245.0,-0.18,-0.04,-61.7,1.0,1.0,1.0
319.75,491.25,1368.0,27271.0,-0.22,-0.09,-61.7,1.0,1.0,1.0
319.75,491.25,1328.0,27294.0,-0.18,-0.04,-61.7,1.0,1.0,1.0
319.88,491.5,1312.0,27315.0,-0.09,0.09,-61.61,1.0,1.0,1.0
320.0,491.75,1296.0,27338.0,-0.18,-0.04,-61.61,1.0,1.0,1.0
320.0,492.0,1280.0,27359.0,-0.13,0.04,-61.61,1.0,1.0,1.0
320.25,492.5,1280.0,27381.0,-0.09,0.09,-61.61,1.0,1.0,1.0
320.12,492.5,1288.0,27401.0,-0.09,0.09,-61.61,1.0,1.0,1.0
319.88,492.5,1296.0,27425.0,-0.04,0.09,-61.61,1.0,1.0,1.0
319.62,492.25,1304.0,27446.0,-0.09,0.13,-61.61,1.0,1.0,1.0
319.75,492.5,1312.0,27470.0,-0.04,0.09,-61.61,1.0,1.0,1.0
319.38,492.0,1328.0,27490.0,-0.09,0.13,-61.61,1.0,1.0,1.0
319.38,492.25,1344.0,27513.0,-0.04,0.18,-61.61,1.0,1.0,1.0
319.12,492.0,1360.0,27535.0,-0.09,0.13,-61.61,1.0,1.0,1.0
319.0,492.0,1368.0,27559.0,0.0,0.09,-61.61,1.0,1.0,1.0
318.75,492.0,1368.0,27584.0,-0.04,0.09,-61.61,1.0,1.0,1.0
318.38,491.5,1360.0,27607.0,-0.04,0.13,-61.61,1.0,1.0,1.0
318.25,491.5,1352.0,27631.0,-0.09,0.09,-61.61,1.0,1.0,1.0
318.12,491.5,1336.0,27654.0,-0.09,0.09,-61.61,1.0,1.0,1.0
318.12,491.75,1312.0,27674.0,-0.09,0.09,-61.61,1.0,1.0,1.0
318.12,491.75,1296.0,27698.0,-0.13,0.09,-61.61,1.0,1.0,1.0
318.12,492.0,1272.0,27719.0,-0.13,0.04,-61.61,1.0,1.0,1.0
318.0,492.0,1256.0,27741.0,-0.09,0.09,-61.61,1.0,1.0,1.0
318.12,492.25,1232.0,27762.0,-0.09,0.09,-61.61,1.0,1.0,1.0
318.25,492.5,1216.0,27783.0,-0.13,0.04,-61.61,1.0,1.0,1.0
318.12,492.5,1192.0,27802.0,-0.13,0.04,-61.61,1.0,1.0,1.0
318.0,492.75,1168.0,27824.0,-0.13,0.09,-61.61,1.0,1.0,1.0
318.12,492.75,1152.0,27843.0,-0.13,0.04,-61.61,1.0,1.0,1.0
318.38,493.25,1144.0,27862.0,-0.09,0.04,-61.61,1.0,1.0,1.0
318.5,493.75,1144.0,27882.0,-0.09,0.13,-61.61,1.0,1.0,1.0
318.88,494.25,1160.0,27900.0,-0.04,0.09,-61.61,1.0,1.0,1.0
319.12,494.75,1176.0,27918.0,-0.09,0.13,-61.52,1.0,1.0,1.0
319.25,495.0,1192.0,27939.0,-0.04,0.09,-61.52,1.0,1.0,1.0
319.25,495.0,1208.0,27960.0,-0.09,0.09,-61.52,1.0,1.0,1.0
319.12,495.25,1232.0,27979.0,-0.04,0.09,-61.52,1.0,1.0,1.0
319.25,495.5,1248.0,28001.0,-0.04,0.09,-61.52,1.0,1.0,1.0
319.38,495.75,1272.0,28023.0,-0.04,0.13,-61.52,1.0,1.0,1.0
319.38,496.0,1296.0,28043.0,-0.09,0.09,-61.52,1.0,1.0,1.0
319.38,496.0,1320.0,28065.0,-0.04,0.13,-61.52,1.0,1.0,1.0
319.88,497.0,1352.0,28087.0,-0.09,0.09,-61.52,1.0,1.0,1.0
320.0,497.25,1376.0,28110.0,-0.09,0.09,-61.52,1.0,1.0,1.0
319.75,497.25,1400.0,28133.0,-0.13,0.04,-61.44,1.0,1.0,1.0
319.75,497.25,1408.0,28154.0,-0.13,0.04,-61.44,1.0,1.0,1.0
319.75,497.5,1416.0,28179.0,-0.13,0.04,-61.44,1.0,1.0,1.0
319.88,497.75,1440.0,28203.0,-0.13,0.09,-61.44,1.0,1.0,1.0
319.62,497.5,1448.0,28224.0,-0.13,0.04,-61.44,1.0,1.0,1.0
319.62,497.75,1456.0,28250.0,-0.18,0.04,-61.44,1.0,1.0,1.0
319.75,498.0,1456.0,28273.0,-0.22,-0.04,-61.44,1.0,1.0,1.0
320.38,499.0,1464.0,28299.0,-0.22,-0.09,-61.44,1.0,1.0,1.0
320.5,499.25,1464.0,28322.0,-0.22,0.0,-61.44,1.0,1.0,1.0
320.38,499.25,1464.0,28347.0,-0.18,-0.04,-61.44,1.0,1.0,1.0
320.25,499.25,1464.0,28371.0,-0.18,-0.09,-61.44,1.0,1.0,1.0
320.62,500.0,1472.0,28394.0,-0.26,-0.09,-61.44,1.0,1.0,1.0
320.5,500.0,1480.0,28418.0,-0.22,-0.04,-61.35,1.0,1.0,1.0
320.38,500.0,1488.0,28444.0,-0.22,-0.04,-61.35,1.0,1.0,1.0
320.38,500.0,1488.0,28468.0,-0.18,-0.09,-61.35,1.0,1.0,1.0
320.38,500.25,1496.0,28493.0,-0.22,-0.04,-61.35,1.0,1.0,1.0
320.62,500.75,1504.0,28518.0,-0.22,-0.09,-61.35,1.0,1.0,1.0
320.38,500.75,1512.0,28543.0,-0.22,-0.04,-61.35,1.0,1.0,1.0
320.5,501.25,1520.0,28569.0,-0.26,-0.04,-61.44,1.0,1.0,1.0
320.38,501.25,1520.0,28595.0,-0.22,-0.04,-61.44,1.0,1.0,1.0
320.25,501.25,1528.0,28620.0,-0.26,-0.09,-61.44,1.0,1.0,1.0
320.5,501.75,1512.0,28645.0,-0.26,-0.04,-61.44,1.0,1.0,1.0
320.12,501.25,1496.0,28670.0,-0.26,-0.13,-61.52,1.0,1.0,1.0
320.0,501.25,1480.0,28695.0,-0.26,-0.09,-61.52,1.0,1.0,1.0
319.75,501.5,1456.0,28719.0,-0.26,-0.13,-61.52,1.0,1.0,1.0
319.75,501.5,1432.0,28744.0,-0.31,-0.13,-61.52,1.0,1.0,1.0
320.12,502.0,1408.0,28767.0,-0.31,-0.13,-61.52,1.0,1.0,1.0
320.0,502.0,1384.0,28789.0,-0.31,-0.13,-61.61,1.0,1.0,1.0
319.75,502.0,1360.0,28814.0,-0.31,-0.13,-61.61,1.0,1.0,1.0
319.75,502.0,1344.0,28835.0,-0.26,-0.13,-61.61,1.0,1.0,1.0
319.25,501.5,1320.0,28859.0,-0.26,-0.13,-61.61,1.0,1.0,1.0
318.88,501.25,1304.0,28880.0,-0.26,-0.13,-61.61,1.0,1.0,1.0
318.88,501.25,1280.0,28904.0,-0.26,-0.09,-61.61,1.0,1.0,1.0
318.75,501.25,1272.0,28924.0,-0.22,-0.09,-61.7,1.0,1.0,1.0
318.88,501.75,1256.0,28945.0,-0.26,-0.09,-61.7,1.0,1.0,1.0
319.0,502.0,1240.0,28967.0,-0.22,-0.09,-61.7,1.0,1.0,1.0
319.0,502.25,1216.0,28987.0,-0.31,-0.18,-61.7,1.0,1.0,1.0
319.25,502.75,1184.0,29008.0,-0.26,-0.18,-61.7,1.0,1.0,1.0
319.62,503.5,1176.0,29028.0,-0.26,-0.13,-61.7,1.0,1.0,1.0
319.88,504.0,1160.0,29048.0,-0.31,-0.18,-61.7,1.0,1.0,1.0
320.0,504.25,1144.0,29067.0,-0.35,-0.18,-61.7,1.0,1.0,1.0
320.0,504.75,1152.0,29084.0,-0.26,-0.13,-61.7,1.0,1.0,1.0
320.38,505.0,1168.0,29104.0,-0.26,-0.13,-61.7,1.0,1.0,1.0
320.5,505.5,1184.0,29124.0,-0.26,-0.13,-61.7,1.0,1.0,1.0
320.38,505.5,1208.0,29145.0,-0.22,-0.09,-61.7,1.0,1.0,1.0
320.0,505.25,1224.0,29165.0,-0.26,-0.13,-61.7,1.0,1.0,1.0
320.12,505.25,1240.0,29187.0,-0.22,-0.09,-61.7,1.0,1.0,1.0
320.38,505.75,1272.0,29206.0,-0.26,-0.13,-61.7,1.0,1.0,1.0
320.5,506.25,1280.0,29230.0,-0.31,-0.18,-61.7,1.0,1.0,1.0
320.5,506.5,1304.0,29249.0,-0.26,-0.13,-61.7,1.0,1.0,1.0
320.38,506.5,1328.0,29271.0,-0.26,-0.13,-61.7,1.0,1.0,1.0
320.25,506.25,1328.0,29293.0,-0.35,-0.18,-61.7,1.0,1.0,1.0
320.5,507.0,1336.0,29317.0,-0.31,-0.18,-61.7,1.0,1.0,1.0
320.25,506.75,1336.0,29339.0,-0.31,-0.18,-61.61,1.0,1.0,1.0
320.25,507.0,1336.0,29360.0,-0.35,-0.18,-61.61,1.0,1.0,1.0
320.12,506.75,1328.0,29383.0,-0.35,-0.22,-61.61,1.0,1.0,1.0
320.12,507.0,1320.0,29405.0,-0.35,-0.18,-61.61,1.0,1.0,1.0
320.25,507.25,1312.0,29429.0,-0.35,-0.22,-61.61,1.0,1.0,1.0
320.38,507.5,1304.0,29451.0,-0.31,-0.22,-61.61,1.0,1.0,1.0
320.38,507.75,1304.0,29471.0,-0.31,-0.18,-61.61,1.0,1.0,1.0
320.38,507.75,1304.0,29492.0,-0.35,-0.22,-61.61,1.0,1.0,1.0
320.38,508.0,1296.0,29515.0,-0.35,-0.22,-61.61,1.0,1.0,1.0
320.12,507.75,1304.0,29537.0,-0.31,-0.18,-61.61,1.0,1.0,1.0
320.0,507.75,1312.0,29557.0,-0.31,-0.18,-61.61,1.0,1.0,1.0
320.12,508.0,1320.0,29579.0,-0.35,-0.22,-61.61,1.0,1.0,1.0
320.12,508.25,1320.0,29603.0,-0.35,-0.22,-61.61,1.0,1.0,1.0
320.25,508.5,1320.0,29625.0,-0.35,-0.22,-61.61,1.0,1.0,1.0
320.5,509.0,1328.0,29645.0,-0.35,-0.22,-61.61,1.0,1.0,1.0
320.5,509.25,1344.0,29668.0,-0.31,-0.18,-61.61,1.0,1.0,1.0
320.38,509.0,1360.0,29691.0,-0.31,-0.18,-61.61,1.0,1.0,1.0
320.5,509.5,1392.0,29712.0,-0.31,-0.18,-61.61,1.0,1.0,1.0
320.62,509.75,1424.0,29734.0,-0.31,-0.18,-61.61,1.0,1.0,1.0
320.62,510.0,1472.0,29758.0,-0.26,-0.13,-61.61,1.0,1.0,1.0
320.62,510.25,1520.0,29782.0,-0.31,-0.13,-61.61,1.0,1.0,1.0
320.5,510.25,1576.0,29809.0,-0.26,-0.13,-61.61,1.0,1.0,1.0
320.38,510.25,1632.0,29834.0,-0.22,-0.13,-61.61,1.0,1.0,1.0
320.38,510.5,1704.0,29862.0,-0.22,-0.09,-61.61,1.0,1.0,1.0
320.5,510.75,1784.0,29889.0,-0.18,-0.09,-61.61,1.0,1.0,1.0
320.38,511.0,1856.0,29921.0,-0.22,-0.13,-61.61,1.0,1.0,1.0
320.38,511.25,1928.0,29951.0,-0.22,-0.09,-61.52,1.0,1.0,1.0
320.25,511.25,2000.0,29982.0,-0.26,-0.13,-61.52,1.0,1.0,1.0
320.0,511.5,2056.0,30014.0,-0.26,-0.13,-61.52,1.0,1.0,1.0
319.75,511.5,2136.0,30049.0,-0.22,-0.09,-61.52,1.0,1.0,1.0
319.38,511.0,2208.0,30084.0,-0.26,-0.09,-61.52,1.0,1.0,1.0
319.12,511.0,2264.0,30121.0,-0.22,-0.09,-61.52,1.0,1.0,1.0
318.75,510.75,2304.0,30158.0,-0.26,-0.13,-61.52,1.0,1.0,1.0
318.25,510.25,2328.0,30195.0,-0.35,-0.13,-61.44,1.0,1.0,1.0
318.0,510.0,2344.0,30233.0,-0.31,-0.18,-61.44,1.0,1.0,1.0
317.5,509.75,2352.0,30273.0,-0.26,-0.18,-61.44,1.0,1.0,1.0
317.38,509.5,2360.0,30312.0,-0.26,-0.13,-61.44,1.0,1.0,1.0
317.25,509.75,2360.0,30351.0,-0.26,-0.13,-61.35,1.0,1.0,1.0
317.0,509.75,2384.0,30387.0,-0.22,-0.09,-61.35,1.0,1.0,1.0
316.75,509.75,2400.0,30427.0,-0.22,-0.13,-61.35,1.0,1.0,1.0
315.88,509.0,2400.0,30467.0,-0.26,-0.13,-61.35,1.0,1.0,1.0
315.38,508.25,2408.0,30506.0,-0.22,-0.09,-61.35,1.0,1.0,1.0
314.88,508.0,2408.0,30546.0,-0.22,-0.09,-61.35,1.0,1.0,1.0
314.62,508.0,2408.0,30588.0,-0.22,-0.09,-61.35,1.0,1.0,1.0
314.5,507.75,2400.0,30628.0,-0.22,-0.09,-61.35,1.0,1.0,1.0
314.25,507.75,2392.0,30665.0,-0.22,-0.09,-61.35,1.0,1.0,1.0
314.0,507.75,2376.0,30704.0,-0.26,-0.09,-61.35,1.0,1.0,1.0
313.62,507.25,2376.0,30746.0,-0.22,-0.09,-61.35,1.0,1.0,1.0
313.12,507.0,2360.0,30785.0,-0.22,-0.04,-61.35,1.0,1.0,1.0
312.62,506.5,2360.0,30822.0,-0.18,0.0,-61.35,1.0,1.0,1.0
311.88,505.75,2344.0,30865.0,-0.18,-0.04,-61.35,1.0,1.0,1.0
311.5,505.5,2328.0,30901.0,-0.13,0.04,-61.35,1.0,1.0,1.0
311.12,505.0,2312.0,30941.0,-0.13,0.04,-61.35,1.0,1.0,1.0
310.62,504.75,2280.0,30979.0,-0.18,0.0,-61.35,1.0,1.0,1.0
310.25,504.5,2248.0,31019.0,-0.13,0.04,-61.35,1.0,1.0,1.0
309.75,504.0,2224.0,31054.0,-0.13,0.04,-61.35,1.0,1.0,1.0
309.38,503.5,2200.0,31092.0,-0.09,0.09,-61.35,1.0,1.0,1.0
308.88,503.25,2160.0,31129.0,-0.09,0.09,-61.35,1.0,1.0,1.0
308.5,502.75,2136.0,31165.0,-0.09,0.09,-61.35,1.0,1.0,1.0
308.38,502.75,2104.0,31202.0,-0.04,0.13,-61.35,1.0,1.0,1.0
308.0,502.5,2072.0,31237.0,-0.09,0.09,-61.35,1.0,1.0,1.0
307.88,502.5,2056.0,31272.0,-0.04,0.13,-61.35,1.0,1.0,1.0
307.62,502.25,2040.0,31307.0,0.04,0.18,-61.35,1.0,1.0,1.0
307.38,502.25,2024.0,31342.0,0.04,0.18,-61.35,1.0,1.0,1.0
307.12,502.0,2016.0,31377.0,0.0,0.18,-61.35,1.0,1.0,1.0
307.0,502.25,2000.0,31409.0,0.04,0.18,-61.35,1.0,1.0,1.0
306.75,502.0,1992.0,31445.0,0.04,0.18,-61.35,1.0,1.0,1.0
306.5,502.0,1984.0,31478.0,0.04,0.22,-61.35,1.0,1.0,1.0
306.25,501.75,1976.0,31512.0,0.04,0.22,-61.35,1.0,1.0,1.0
306.0,501.75,1960.0,31545.0,0.04,0.22,-61.35,1.0,1.0,1.0
305.62,501.25,1952.0,31579.0,0.09,0.22,-61.35,1.0,1.0,1.0
305.38,501.0,1936.0,31612.0,0.09,0.22,-61.35,1.0,1.0,1.0
305.25,501.25,1920.0,31644.0,0.09,0.22,-61.44,1.0,1.0,1.0
305.0,501.0,1904.0,31677.0,0.09,0.22,-61.44,1.0,1.0,1.0
304.62,500.75,1888.0,31710.0,0.09,0.26,-61.44,1.0,1.0,1.0
304.25,500.25,1864.0,31741.0,0.09,0.26,-61.44,1.0,1.0,1.0
304.0,500.25,1840.0,31774.0,0.09,0.26,-61.44,1.0,1.0,1.0
303.62,500.0,1816.0,31804.0,0.13,0.26,-61.44,1.0,1.0,1.0
303.38,499.75,1792.0,31836.0,0.13,0.31,-61.44,1.0,1.0,1.0
303.0,499.25,1776.0,31866.0,0.13,0.26,-61.44,1.0,1.0,1.0
302.75,499.0,1752.0,31895.0,0.18,0.31,-61.44,1.0,1.0,1.0
302.38,498.75,1728.0,31925.0,0.18,0.35,-61.44,1.0,1.0,1.0
302.38,499.0,1712.0,31953.0,0.26,0.4,-61.44,1.0,1.0,1.0
302.62,499.5,1704.0,31984.0,0.26,0.4,-61.44,1.0,1.0,1.0
302.5,499.5,1704.0,32010.0,0.26,0.4,-61.44,1.0,1.0,1.0
302.12,499.25,1696.0,32039.0,0.22,0.4,-61.44,1.0,1.0,1.0
302.0,499.25,1696.0,32068.0,0.26,0.4,-61.44,1.0,1.0,1.0
301.62,498.75,1688.0,32095.0,0.26,0.4,-61.44,1.0,1.0,1.0
301.25,498.5,1696.0,32124.0,0.31,0.48,-61.44,1.0,1.0,1.0
301.12,498.5,1688.0,32154.0,0.26,0.4,-61.44,1.0,1.0,1.0
301.12,498.5,1688.0,32182.0,0.31,0.48,-61.52,1.0,1.0,1.0
300.75,498.25,1696.0,32211.0,0.31,0.48,-61.52,1.0,1.0,1.0
300.62,498.5,1696.0,32239.0,0.31,0.48,-61.52,1.0,1.0,1.0
300.38,498.25,1688.0,32266.0,0.31,0.44,-61.52,1.0,1.0,1.0
300.12,498.0,1680.0,32297.0,0.26,0.44,-61.52,1.0,1.0,1.0
299.88,498.0,1680.0,32324.0,0.31,0.44,-61.52,1.0,1.0,1.0
299.75,497.75,1672.0,32353.0,0.31,0.44,-61.52,1.0,1.0,1.0
299.62,498.0,1656.0,32384.0,0.31,0.48,-61.52,1.0,1.0,1.0
299.5,498.0,1648.0,32409.0,0.31,0.48,-61.52,1.0,1.0,1.0
299.5,498.0,1640.0,32437.0,0.31,0.48,-61.52,1.0,1.0,1.0
299.12,497.75,1640.0,32464.0,0.31,0.44,-61.52,1.0,1.0,1.0
299.12,498.0,1632.0,32495.0,0.31,0.48,-61.61,1.0,1.0,1.0
298.88,497.75,1632.0,32519.0,0.35,0.48,-61.61,1.0,1.0,1.0
298.75,497.5,1632.0,32547.0,0.4,0.53,-61.61,1.0,1.0,1.0
298.38,497.5,1624.0,32573.0,0.35,0.48,-61.61,1.0,1.0,1.0
297.75,496.75,1616.0,32603.0,0.35,0.53,-61.61,1.0,1.0,1.0
297.62,496.75,1600.0,32630.0,0.4,0.53,-61.61,1.0,1.0,1.0
297.62,496.75,1584.0,32658.0,0.4,0.53,-61.61,1.0,1.0,1.0
297.62,497.0,1560.0,32685.0,0.31,0.44,-61.61,1.0,1.0,1.0
297.25,496.75,1536.0,32712.0,0.4,0.53,-61.52,1.0,1.0,1.0
297.0,496.25,1528.0,32736.0,0.4,0.57,-61.61,1.0,1.0,1.0
297.0,496.5,1520.0,32761.0,0.44,0.53,-61.61,1.0,1.0,1.0
296.88,496.75,1512.0,32784.0,0.44,0.57,-61.61,1.0,1.0,1.0
296.88,496.5,1504.0,32812.0,0.44,0.53,-61.61,1.0,1.0,1.0
296.62,496.5,1504.0,32836.0,0.48,0.66,-61.61,1.0,1.0,1.0
296.38,496.25,1512.0,32863.0,0.4,0.57,-61.61,1.0,1.0,1.0
296.38,496.5,1504.0,32888.0,0.4,0.57,-61.61,1.0,1.0,1.0
296.12,496.5,1512.0,32915.0,0.44,0.57,-61.7,1.0,1.0,1.0
296.0,496.5,1520.0,32939.0,0.44,0.66,-61.7,1.0,1.0,1.0
295.75,496.25,1520.0,32964.0,0.48,0.62,-61.7,1.0,1.0,1.0
295.62,496.25,1520.0,32990.0,0.48,0.66,-61.7,1.0,1.0,1.0
295.62,496.25,1528.0,33016.0,0.48,0.62,-61.7,1.0,1.0,1.0
295.5,496.5,1528.0,33041.0,0.44,0.62,-61.79,1.0,1.0,1.0
295.62,496.75,1520.0,33068.0,0.44,0.57,-61.79,1.0,1.0,1.0
295.62,496.75,1520.0,33092.0,0.44,0.62,-61.79,1.0,1.0,1.0
295.5,496.75,1520.0,33119.0,0.44,0.62,-61.79,1.0,1.0,1.0
295.38,496.75,1528.0,33143.0,0.48,0.66,-61.79,1.0,1.0,1.0
295.5,497.0,1544.0,33170.0,0.48,0.62,-61.79,1.0,1.0,1.0
295.25,497.0,1544.0,33195.0,0.48,0.62,-61.79,1.0,1.0,1.0
295.25,497.0,1552.0,33220.0,0.48,0.62,-61.79,1.0,1.0,1.0
295.0,497.0,1552.0,33245.0,0.48,0.62,-61.79,1.0,1.0,1.0
294.75,496.75,1560.0,33272.0,0.53,0.62,-61.79,1.0,1.0,1.0
294.62,496.75,1568.0,33300.0,0.53,0.66,-61.88,1.0,1.0,1.0
294.25,496.5,1584.0,33324.0,0.53,0.7,-61.88,1.0,1.0,1.0
294.0,496.0,1592.0,33352.0,0.57,0.7,-61.88,1.0,1.0,1.0
293.88,496.0,1600.0,33379.0,0.53,0.66,-61.88,1.0,1.0,1.0
294.0,496.5,1608.0,33402.0,0.53,0.7,-61.88,1.0,1.0,1.0
293.88,496.5,1616.0,33430.0,0.62,0.75,-61.88,1.0,1.0,1.0
293.62,496.25,1632.0,33456.0,0.53,0.7,-61.88,1.0,1.0,1.0
293.5,496.25,1624.0,33486.0,0.53,0.66,-61.88,1.0,1.0,1.0
293.25,496.0,1616.0,33512.0,0.48,0.66,-61.88,1.0,1.0,1.0
293.38,496.5,1600.0,33539.0,0.48,0.66,-61.88,1.0,1.0,1.0
292.62,495.5,1600.0,33565.0,0.53,0.66,-61.88,1.0,1.0,1.0
292.5,495.75,1576.0,33597.0,0.53,0.66,-61.88,1.0,1.0,1.0
292.75,496.0,1560.0,33622.0,0.53,0.62,-61.88,1.0,1.0,1.0
292.5,495.75,1576.0,33647.0,0.62,0.75,-61.88,1.0,1.0,1.0
292.25,495.75,1576.0,33673.0,0.57,0.7,-61.88,1.0,1.0,1.0
291.88,495.5,1568.0,33700.0,0.62,0.75,-61.88,1.0,1.0,1.0
291.88,495.5,1552.0,33727.0,0.53,0.7,-61.88,1.0,1.0,1.0
291.75,495.5,1496.0,33753.0,0.4,0.57,-61.88,1.0,1.0,1.0
291.75,495.5,1416.0,33779.0,0.4,0.53,-61.88,1.0,1.0,1.0
291.5,495.25,1336.0,33804.0,0.35,0.53,-61.88,1.0,1.0,1.0
291.12,495.0,1248.0,33826.0,0.4,0.48,-61.88,1.0,1.0,1.0
290.88,494.75,1168.0,33846.0,0.4,0.53,-61.88,1.0,1.0,1.0
290.75,494.75,1080.0,33866.0,0.4,0.53,-61.88,1.0,1.0,1.0
290.5,494.5,992.0,33883.0,0.44,0.57,-61.88,1.0,1.0,1.0
290.38,494.25,912.0,33898.0,0.44,0.57,-61.88,1.0,1.0,1.0
290.25,494.25,824.0,33912.0,0.44,0.57,-61.88,1.0,1.0,1.0
290.0,494.0,752.0,33925.0,0.48,0.62,-61.88,1.0,1.0,1.0
289.75,493.75,688.0,33938.0,0.53,0.66,-61.88,1.0,1.0,1.0
289.38,493.25,632.0,33947.0,0.57,0.75,-61.79,1.0,1.0,1.0
289.12,493.0,576.0,33959.0,0.62,0.7,-61.79,1.0,1.0,1.0
289.0,492.75,512.0,33969.0,0.57,0.7,-61.79,1.0,1.0,1.0
288.88,492.75,448.0,33979.0,0.57,0.66,-61.88,1.0,1.0,1.0
288.75,492.75,376.0,33988.0,0.48,0.66,-61.88,1.0,1.0,1.0
288.62,492.5,312.0,33994.0,0.53,0.66,-61.88,1.0,1.0,1.0
288.38,492.25,248.0,34000.0,0.57,0.7,-61.88,1.0,1.0,1.0
288.12,491.75,200.0,34004.0,0.66,0.75,-61.88,1.0,1.0,1.0
287.88,491.25,168.0,34008.0,0.7,0.83,-61.88,1.0,1.0,1.0
287.62,491.0,152.0,34011.0,0.79,0.92,-61.88,1.0,1.0,1.0
287.75,491.25,144.0,34015.0,0.75,0.92,-61.88,1.0,1.0,1.0
288.0,491.75,112.0,34018.0,0.7,0.83,-61.88,1.0,1.0,1.0
288.25,492.0,80.0,34023.0,0.7,0.83,-61.88,1.0,1.0,1.0
288.38,492.25,32.0,34026.0,0.66,0.75,-61.79,1.0,1.0,1.0
288.5,492.25,-16.0,34027.0,0.66,0.79,-61.79,1.0,1.0,1.0
288.5,492.25,-56.0,34025.0,0.66,0.79,-61.79,1.0,1.0,1.0
288.5,492.5,-88.0,34024.0,0.7,0.83,-61.79,1.0,1.0,1.0
288.5,492.5,-112.0,34025.0,0.7,0.83,-61.79,1.0,1.0,1.0
288.38,492.25,-128.0,34025.0,0.75,0.88,-61.79,1.0,1.0,1.0
288.25,492.0,-128.0,34021.0,0.79,0.92,-61.7,1.0,1.0,1.0
288.25,492.0,-128.0,34021.0,0.79,0.88,-61.7,1.0,1.0,1.0
288.12,492.0,-128.0,34019.0,0.83,0.92,-61.7,1.0,1.0,1.0
288.25,492.0,-120.0,34018.0,0.79,0.92,-61.7,1.0,1.0,1.0
288.12,492.0,-120.0,34015.0,0.83,0.97,-61.61,1.0,1.0,1.0
288.38,492.25,-104.0,34013.0,0.83,0.97,-61.61,1.0,1.0,1.0
288.5,492.5,-104.0,34012.0,0.79,0.92,-61.61,1.0,1.0,1.0
288.62,492.5,-104.0,34013.0,0.79,0.88,-61.61,1.0,1.0,1.0
288.62,492.5,-104.0,34011.0,0.79,0.92,-61.52,1.0,1.0,1.0
288.62,492.5,-96.0,34008.0,0.75,0.88,-61.52,1.0,1.0,1.0
288.75,492.75,-96.0,34009.0,0.79,0.88,-61.52,1.0,1.0,1.0
288.75,492.75,-88.0,34004.0,0.79,0.88,-61.52,1.0,1.0,1.0
288.75,492.75,-80.0,34005.0,0.79,0.92,-61.52,1.0,1.0,1.0
288.75,492.75,-72.0,34002.0,0.79,0.92,-61.44,1.0,1.0,1.0
288.75,492.5,-64.0,34002.0,0.79,0.88,-61.44,1.0,1.0,1.0
288.88,492.75,-64.0,34001.0,0.79,0.92,-61.44,1.0,1.0,1.0
289.0,493.0,-56.0,33999.0,0.75,0.92,-61.44,1.0,1.0,1.0
288.88,492.75,-48.0,33998.0,0.79,0.92,-61.44,1.0,1.0,1.0
288.88,492.75,-40.0,33999.0,0.79,0.88,-61.44,1.0,1.0,1.0
288.88,492.75,-32.0,33996.0,0.75,0.88,-61.44,1.0,1.0,1.0
288.88,492.75,-32.0,33995.0,0.75,0.88,-61.44,1.0,1.0,1.0
289.0,492.75,-24.0,33995.0,0.75,0.92,-61.35,1.0,1.0,1.0
289.0,492.75,-8.0,33996.0,0.79,0.92,-61.35,1.0,1.0,1.0
289.25,493.25,0.0,33995.0,0.75,0.88,-61.35,1.0,1.0,1.0
289.38,493.25,16.0,33997.0,0.75,0.88,-61.35,1.0,1.0,1.0
289.38,493.5,24.0,33994.0,0.75,0.88,-61.35,1.0,1.0,1.0
289.5,493.5,24.0,33994.0,0.7,0.88,-61.35,1.0,1.0,1.0
289.38,493.5,16.0,33994.0,0.7,0.83,-61.35,1.0,1.0,1.0
289.5,493.75,16.0,33996.0,0.7,0.83,-61.35,1.0,1.0,1.0
289.5,493.75,8.0,33996.0,0.7,0.83,-61.35,1.0,1.0,1.0
289.62,493.75,16.0,33995.0,0.7,0.83,-61.35,1.0,1.0,1.0
289.5,493.75,16.0,33995.0,0.7,0.83,-61.35,1.0,1.0,1.0
289.38,493.5,16.0,33995.0,0.7,0.88,-61.35,1.0,1.0,1.0
289.25,493.25,16.0,33994.0,0.75,0.88,-61.35,1.0,1.0,1.0
289.25,493.25,24.0,33995.0,0.75,0.88,-61.35,1.0,1.0,1.0
289.12,493.0,24.0,33995.0,0.75,0.88,-61.35,1.0,1.0,1.0
289.12,493.0,16.0,33994.0,0.7,0.83,-61.35,1.0,1.0,1.0
289.0,493.0,8.0,33996.0,0.75,0.88,-61.35,1.0,1.0,1.0
289.12,493.0,8.0,33994.0,0.75,0.88,-61.35,1.0,1.0,1.0
289.12,493.0,8.0,33994.0,0.75,0.88,-61.44,1.0,1.0,1.0
289.12,493.0,8.0,33993.0,0.7,0.88,-61.44,1.0,1.0,1.0
289.25,493.25,8.0,33995.0,0.75,0.83,-61.44,1.0,1.0,1.0
289.25,493.25,8.0,33995.0,0.75,0.88,-61.44,1.0,1.0,1.0
289.38,493.25,8.0,33994.0,0.75,0.83,-61.44,1.0,1.0,1.0
289.38,493.5,16.0,33993.0,0.7,0.83,-61.35,1.0,1.0,1.0
289.5,493.5,16.0,33993.0,0.75,0.83,-61.35,1.0,1.0,1.0
289.5,493.75,16.0,33994.0,0.75,0.88,-61.35,1.0,1.0,1.0
289.38,493.5,24.0,33993.0,0.75,0.88,-61.35,1.0,1.0,1.0
289.38,493.25,32.0,33992.0,0.75,0.88,-61.35,1.0,1.0,1.0
289.25,493.25,32.0,33992.0,0.75,0.88,-61.35,1.0,1.0,1.0
289.25,493.25,32.0,33992.0,0.75,0.88,-61.35,1.0,1.0,1.0
289.25,493.25,24.0,33994.0,0.75,0.88,-61.35,1.0,1.0,1.0
289.25,493.25,24.0,33994.0,0.75,0.92,-61.35,1.0,1.0,1.0
289.25,493.25,24.0,33993.0,0.75,0.88,-61.35,1.0,1.0,1.0
289.25,493.25,24.0,33993.0,0.75,0.88,-61.35,1.0,1.0,1.0
289.12,493.25,32.0,33994.0,0.75,0.92,-61.35,1.0,1.0,1.0
289.12,493.0,32.0,33993.0,0.75,0.88,-61.35,1.0,1.0,1.0
289.12,493.25,32.0,33994.0,0.75,0.83,-61.35,1.0,1.0,1.0
289.12,493.0,32.0,33993.0,0.75,0.88,-61.35,1.0,1.0,1.0
289.0,492.75,24.0,33994.0,0.75,0.88,-61.35,1.0,1.0,1.0
288.88,492.5,16.0,33994.0,0.75,0.83,-61.35,1.0,1.0,1.0
288.88,492.75,16.0,33993.0,0.75,0.88,-61.35,1.0,1.0,1.0
288.75,492.5,16.0,33994.0,0.79,0.92,-61.35,1.0,1.0,1.0
288.62,492.25,16.0,33994.0,0.75,0.88,-61.35,1.0,1.0,1.0
288.75,492.5,16.0,33993.0,0.75,0.88,-61.35,1.0,1.0,1.0
288.75,492.5,24.0,33993.0,0.75,0.92,-61.35,1.0,1.0,1.0
288.75,492.25,24.0,33994.0,0.79,0.92,-61.35,1.0,1.0,1.0
288.62,492.25,24.0,33993.0,0.79,0.92,-61.35,1.0,1.0,1.0
288.5,492.0,32.0,33993.0,0.79,0.92,-61.44,1.0,1.0,1.0
288.38,492.0,32.0,33993.0,0.79,0.92,-61.44,1.0,1.0,1.0
288.38,492.0,32.0,33994.0,0.79,0.97,-61.44,1.0,1.0,1.0
288.38,492.0,32.0,33994.0,0.83,0.92,-61.44,1.0,1.0,1.0
288.38,492.0,40.0,33994.0,0.79,0.92,-61.44,1.0,1.0,1.0
288.38,492.0,40.0,33996.0,0.79,0.92,-61.44,1.0,1.0,1.0
288.38,492.0,40.0,33996.0,0.79,0.92,-61.44,1.0,1.0,1.0
288.75,492.5,40.0,33996.0,0.79,0.92,-61.44,1.0,1.0,1.0
288.62,492.25,40.0,33997.0,0.79,0.92,-61.44,1.0,1.0,1.0
288.5,492.0,32.0,33997.0,0.75,0.88,-61.44,1.0,1.0,1.0
288.75,492.5,24.0,33999.0,0.75,0.88,-61.44,1.0,1.0,1.0
288.75,492.25,16.0,33998.0,0.75,0.88,-61.44,1.0,1.0,1.0
288.62,492.25,8.0,33999.0,0.75,0.88,-61.44,1.0,1.0,1.0
288.62,492.25,8.0,33999.0,0.75,0.88,-61.44,1.0,1.0,1.0
288.62,492.25,0.0,33998.0,0.75,0.88,-61.44,1.0,1.0,1.0
288.62,492.25,0.0,33998.0,0.75,0.88,-61.44,1.0,1.0,1.0
288.62,492.25,0.0,33997.0,0.79,0.92,-61.44,1.0,1.0,1.0
288.5,492.25,8.0,33997.0,0.79,0.92,-61.44,1.0,1.0,1.0
288.5,492.25,8.0,33997.0,0.79,0.92,-61.44,1.0,1.0,1.0
288.62,492.5,8.0,33998.0,0.75,0.92,-61.44,1.0,1.0,1.0
288.62,492.25,16.0,33996.0,0.79,0.92,-61.44,1.0,1.0,1.0
288.62,492.25,16.0,33995.0,0.79,0.92,-61.44,1.0,1.0,1.0
288.62,492.25,16.0,33997.0,0.75,0.92,-61.44,1.0,1.0,1.0
288.62,492.25,16.0,33998.0,0.79,0.88,-61.44,1.0,1.0,1.0
288.75,492.5,16.0,33997.0,0.79,0.92,-61.44,1.0,1.0,1.0
288.62,492.5,8.0,33996.0,0.75,0.88,-61.44,1.0,1.0,1.0
288.88,492.75,0.0,33998.0,0.79,0.92,-61.44,1.0,1.0,1.0
288.88,492.75,8.0,33998.0,0.75,0.88,-61.44,1.0,1.0,1.0
288.75,492.75,8.0,33997.0,0.79,0.92,-61.44,1.0,1.0,1.0
288.75,492.5,8.0,33999.0,0.75,0.92,-61.44,1.0,1.0,1.0
288.75,492.5,8.0,33997.0,0.7,0.88,-61.52,1.0,1.0,1.0
288.88,492.75,0.0,33997.0,0.75,0.88,-61.52,1.0,1.0,1.0
288.88,493.0,-8.0,33998.0,0.75,0.83,-61.52,1.0,1.0,1.0
288.88,492.75,-16.0,33999.0,0.79,0.88,-61.44,1.0,1.0,1.0
289.0,492.75,-8.0,33996.0,0.79,0.88,-61.44,1.0,1.0,1.0
289.0,492.75,-8.0,33998.0,0.79,0.88,-61.44,1.0,1.0,1.0
289.12,493.0,-8.0,33997.0,0.79,0.88,-61.44,1.0,1.0,1.0
289.12,493.0,0.0,33998.0,0.79,0.88,-61.44,1.0,1.0,1.0
289.0,493.25,8.0,33997.0,0.79,0.92,-61.44,1.0,1.0,1.0
289.0,493.0,16.0,33997.0,0.79,0.88,-61.44,1.0,1.0,1.0
288.88,492.75,16.0,33997.0,0.79,0.88,-61.44,1.0,1.0,1.0
288.88,492.75,8.0,33997.0,0.75,0.92,-61.44,1.0,1.0,1.0
288.75,492.5,8.0,33997.0,0.75,0.88,-61.44,1.0,1.0,1.0
288.75,492.5,0.0,33996.0,0.75,0.88,-61.44,1.0,1.0,1.0
288.62,492.25,-8.0,33996.0,0.75,0.88,-61.44,1.0,1.0,1.0
288.62,492.25,0.0,33997.0,0.79,0.92,-61.44,1.0,1.0,1.0
288.5,492.25,8.0,33996.0,0.79,0.92,-61.44,1.0,1.0,1.0
288.38,492.0,16.0,33996.0,0.79,0.97,-61.44,1.0,1.0,1.0
288.12,491.5,16.0,33997.0,0.83,0.97,-61.52,1.0,1.0,1.0
288.12,491.5,16.0,33997.0,0.79,0.92,-61.52,1.0,1.0,1.0
288.12,491.5,16.0,33997.0,0.79,0.97,-61.52,1.0,1.0,1.0
288.0,491.5,16.0,33998.0,0.79,0.92,-61.52,1.0,1.0,1.0
288.38,491.75,16.0,33998.0,0.83,0.92,-61.52,1.0,1.0,1.0
288.38,491.75,16.0,33998.0,0.79,0.92,-61.52,1.0,1.0,1.0
288.5,492.0,8.0,33999.0,0.79,0.92,-61.52,1.0,1.0,1.0
288.5,492.0,0.0,34000.0,0.79,0.92,-61.52,1.0,1.0,1.0
288.5,492.25,0.0,34000.0,0.75,0.88,-61.61,1.0,1.0,1.0
288.25,491.75,-8.0,33999.0,0.79,0.88,-61.61,1.0,1.0,1.0
288.5,492.0,-8.0,33999.0,0.83,0.92,-61.61,1.0,1.0,1.0
288.75,492.5,0.0,34002.0,0.79,0.88,-61.52,1.0,1.0,1.0
289.25,493.0,8.0,34000.0,0.79,0.88,-61.52,1.0,1.0,1.0
289.25,493.0,16.0,33998.0,0.75,0.83,-61.52,1.0,1.0,1.0
289.25,493.25,8.0,33999.0,0.75,0.83,-61.52,1.0,1.0,1.0
289.12,493.25,8.0,34001.0,0.7,0.83,-61.52,1.0,1.0,1.0
289.25,493.5,0.0,33999.0,0.7,0.88,-61.52,1.0,1.0,1.0
289.25,493.25,0.0,34000.0,0.79,0.88,-61.52,1.0,1.0,1.0
289.25,493.5,0.0,34000.0,0.75,0.88,-61.52,1.0,1.0,1.0
289.25,493.5,0.0,33999.0,0.75,0.88,-61.52,1.0,1.0,1.0
289.38,493.5,8.0,33998.0,0.75,0.88,-61.52,1.0,1.0,1.0
289.38,493.5,0.0,33999.0,0.7,0.83,-61.52,1.0,1.0,1.0
289.5,493.75,-8.0,34000.0,0.7,0.83,-61.52,1.0,1.0,1.0
289.5,493.75,-8.0,33999.0,0.7,0.83,-61.52,1.0,1.0,1.0
289.5,493.75,-8.0,33999.0,0.75,0.88,-61.52,1.0,1.0,1.0
289.5,493.75,-8.0,34000.0,0.75,0.83,-61.52,1.0,1.0,1.0
289.5,493.75,-8.0,34000.0,0.7,0.83,-61.52,1.0,1.0,1.0
289.5,493.75,-8.0,33999.0,0.7,0.83,-61.52,1.0,1.0,1.0
289.5,493.75,-8.0,33998.0,0.7,0.88,-61.52,1.0,1.0,1.0
289.5,493.75,0.0,33997.0,0.75,0.83,-61.52,1.0,1.0,1.0
289.5,493.5,0.0,33998.0,0.75,0.88,-61.52,1.0,1.0,1.0
289.62,493.75,0.0,33999.0,0.7,0.88,-61.52,1.0,1.0,1.0
289.75,494.0,0.0,33999.0,0.7,0.88,-61.52,1.0,1.0,1.0
289.75,494.0,0.0,33998.0,0.7,0.83,-61.52,1.0,1.0,1.0
289.62,493.75,0.0,33997.0,0.7,0.88,-61.52,1.0,1.0,1.0
289.88,494.25,0.0,33999.0,0.7,0.83,-61.52,1.0,1.0,1.0
290.0,494.5,0.0,33999.0,0.7,0.79,-61.52,1.0,1.0,1.0
290.0,494.25,0.0,33998.0,0.7,0.83,-61.52,1.0,1.0,1.0
290.12,494.5,0.0,33998.0,0.7,0.83,-61.52,1.0,1.0,1.0
290.0,494.5,0.0,33999.0,0.7,0.83,-61.52,1.0,1.0,1.0
290.12,494.5,0.0,33998.0,0.7,0.83,-61.52,1.0,1.0,1.0
290.0,494.5,-8.0,34000.0,0.66,0.79,-61.52,1.0,1.0,1.0
290.12,494.75,0.0,34000.0,0.7,0.79,-61.52,1.0,1.0,1.0
290.0,494.5,-8.0,34000.0,0.66,0.83,-61.52,1.0,1.0,1.0
290.0,494.5,-8.0,33998.0,0.7,0.79,-61.52,1.0,1.0,1.0
290.0,494.5,0.0,34000.0,0.66,0.83,-61.52,1.0,1.0,1.0
289.88,494.25,0.0,33998.0,0.7,0.83,-61.52,1.0,1.0,1.0
289.88,494.25,0.0,34001.0,0.7,0.83,-61.52,1.0,1.0,1.0
289.62,493.75,0.0,33999.0,0.7,0.83,-61.44,1.0,1.0,1.0
289.62,493.75,-8.0,34001.0,0.7,0.83,-61.44,1.0,1.0,1.0
289.5,493.75,-8.0,33999.0,0.7,0.83,-61.52,1.0,1.0,1.0
289.5,493.75,-8.0,33998.0,0.7,0.83,-61.52,1.0,1.0,1.0
289.5,493.5,-8.0,34000.0,0.7,0.83,-61.52,1.0,1.0,1.0
289.5,493.75,-16.0,34000.0,0.7,0.83,-61.52,1.0,1.0,1.0
289.5,493.5,-8.0,34000.0,0.7,0.83,-61.52,1.0,1.0,1.0
289.5,493.5,-8.0,33999.0,0.75,0.88,-61.52,1.0,1.0,1.0
289.5,493.5,0.0,34000.0,0.75,0.88,-61.52,1.0,1.0,1.0
289.38,493.25,0.0,33998.0,0.75,0.88,-61.52,1.0,1.0,1.0
289.5,493.5,8.0,33999.0,0.75,0.83,-61.52,1.0,1.0,1.0
289.25,493.25,0.0,34001.0,0.75,0.88,-61.52,1.0,1.0,1.0
289.25,493.25,0.0,34001.0,0.7,0.83,-61.52,1.0,1.0,1.0
289.12,493.0,0.0,34001.0,0.75,0.83,-61.52,1.0,1.0,1.0
289.0,492.75,-8.0,34000.0,0.75,0.88,-61.52,1.0,1.0,1.0
288.88,492.5,-16.0,34000.0,0.75,0.88,-61.44,1.0,1.0,1.0
288.75,492.5,-16.0,34000.0,0.75,0.88,-61.44,1.0,1.0,1.0
288.75,492.5,-16.0,34000.0,0.79,0.92,-61.44,1.0,1.0,1.0
288.75,492.5,-16.0,34000.0,0.79,0.88,-61.44,1.0,1.0,1.0
288.88,492.75,-8.0,34000.0,0.79,0.92,-61.44,1.0,1.0,1.0
289.0,492.75,0.0,33999.0,0.79,0.92,-61.44,1.0,1.0,1.0
289.0,493.0,0.0,34000.0,0.75,0.88,-61.44,1.0,1.0,1.0
289.0,493.0,0.0,34000.0,0.75,0.83,-61.44,1.0,1.0,1.0
289.12,493.0,0.0,34001.0,0.75,0.88,-61.44,1.0,1.0,1.0
289.12,493.25,0.0,34000.0,0.75,0.88,-61.44,1.0,1.0,1.0
289.12,493.0,0.0,34000.0,0.75,0.88,-61.44,1.0,1.0,1.0
289.38,493.5,0.0,34001.0,0.75,0.88,-61.44,1.0,1.0,1.0
289.25,493.25,0.0,33999.0,0.75,0.88,-61.44,1.0,1.0,1.0
289.38,493.5,0.0,34000.0,0.75,0.88,-61.44,1.0,1.0,1.0
289.5,493.5,-8.0,33998.0,0.7,0.83,-61.44,1.0,1.0,1.0
289.75,493.75,0.0,34001.0,0.75,0.88,-61.44,1.0,1.0,1.0
289.62,493.75,0.0,34000.0,0.7,0.83,-61.44,1.0,1.0,1.0
289.5,493.5,0.0,33999.0,0.66,0.83,-61.44,1.0,1.0,1.0
289.62,493.75,-8.0,34001.0,0.7,0.83,-61.44,1.0,1.0,1.0
289.5,493.75,0.0,33998.0,0.75,0.83,-61.44,1.0,1.0,1.0
289.62,493.75,-8.0,33999.0,0.66,0.83,-61.44,1.0,1.0,1.0
289.75,494.0,-8.0,33998.0,0.7,0.83,-61.44,1.0,1.0,1.0
289.88,494.0,-8.0,33999.0,0.75,0.83,-61.44,1.0,1.0,1.0
289.75,494.0,-8.0,33998.0,0.66,0.83,-61.44,1.0,1.0,1.0
289.88,494.0,-16.0,33998.0,0.66,0.79,-61.44,1.0,1.0,1.0
289.88,494.0,-24.0,34000.0,0.7,0.83,-61.44,1.0,1.0,1.0
289.88,494.25,-24.0,33997.0,0.7,0.83,-61.44,1.0,1.0,1.0
290.0,494.25,-24.0,33996.0,0.66,0.83,-61.44,1.0,1.0,1.0
